company_name,company_slug,website,yc_directory_url,detected_board_type,selected_url,board_token,board_url,api_url,confirmation_status,job_count,endpoint_http_status,notes
Abundant,abundant,https://www.abundant.ai/,https://www.ycombinator.com/companies/abundant,ashby,https://www.abundant.ai/,abundant,https://jobs.ashbyhq.com/abundant,https://api.ashbyhq.com/posting-api/job-board/abundant?includeCompensation=true,live_jobs,3,200,
Accord,accord,https://inaccord.com,https://www.ycombinator.com/companies/accord,ashby,https://inaccord.com/company/about#careers,Accord,https://jobs.ashbyhq.com/Accord,https://api.ashbyhq.com/posting-api/job-board/Accord?includeCompensation=true,live_jobs,2,200,
AfterQuery,afterquery,https://afterquery.com,https://www.ycombinator.com/companies/afterquery,ashby,https://www.afterquery.com/careers,AfterQuery,https://jobs.ashbyhq.com/AfterQuery,https://api.ashbyhq.com/posting-api/job-board/AfterQuery?includeCompensation=true,live_jobs,26,200,
AiPrise,aiprise,https://aiprise.com/,https://www.ycombinator.com/companies/aiprise,ashby,https://www.aiprise.com/,aiprise,https://jobs.ashbyhq.com/aiprise,https://api.ashbyhq.com/posting-api/job-board/aiprise?includeCompensation=true,live_jobs,10,200,
Aleph,aleph,https://getaleph.com/,https://www.ycombinator.com/companies/aleph,ashby,https://www.getaleph.com/careers,aleph,https://jobs.ashbyhq.com/aleph,https://api.ashbyhq.com/posting-api/job-board/aleph?includeCompensation=true,live_jobs,7,200,
Ambient.ai,ambient-ai,https://ambient.ai,https://www.ycombinator.com/companies/ambient-ai,ashby,https://www.ambient.ai/careers,ambient.ai,https://jobs.ashbyhq.com/ambient.ai,https://api.ashbyhq.com/posting-api/job-board/ambient.ai?includeCompensation=true,live_jobs,19,200,
Anara,anara,https://anara.com,https://www.ycombinator.com/companies/anara,ashby,https://anara.com/,anara,https://jobs.ashbyhq.com/anara,https://api.ashbyhq.com/posting-api/job-board/anara?includeCompensation=true,live_jobs,4,200,
Apolink,apolink,https://apolink.space,https://www.ycombinator.com/companies/apolink,ashby,https://apolink.space/careers,apolink,https://jobs.ashbyhq.com/apolink,https://api.ashbyhq.com/posting-api/job-board/apolink?includeCompensation=true,live_jobs,3,200,
Apollo,apollo,http://apollographql.com/,https://www.ycombinator.com/companies/apollo,ashby,https://www.apollographql.com/careers,apollo-graphql,https://jobs.ashbyhq.com/apollo-graphql,https://api.ashbyhq.com/posting-api/job-board/apollo-graphql?includeCompensation=true,live_jobs,9,200,
Arini,arini,https://www.arini.ai,https://www.ycombinator.com/companies/arini,ashby,https://www.arini.ai/careers,arini,https://jobs.ashbyhq.com/arini,https://api.ashbyhq.com/posting-api/job-board/arini?includeCompensation=true,live_jobs,1,200,
Arketa,arketa,https://arketa.com,https://www.ycombinator.com/companies/arketa,ashby,https://www.arketa.com/careers,arketa,https://jobs.ashbyhq.com/arketa,https://api.ashbyhq.com/posting-api/job-board/arketa?includeCompensation=true,live_jobs,10,200,
Artie,artie,https://www.artie.com/,https://www.ycombinator.com/companies/artie,ashby,https://www.artie.com/careers,artie,https://jobs.ashbyhq.com/artie,https://api.ashbyhq.com/posting-api/job-board/artie?includeCompensation=true,live_jobs,5,200,
Ashby,ashby,https://www.ashbyhq.com,https://www.ycombinator.com/companies/ashby,ashby,https://www.ashbyhq.com/,,,,unresolved_board_token,0,200,no_ashby_org_found
AssemblyAI,assemblyai,https://www.assemblyai.com,https://www.ycombinator.com/companies/assemblyai,greenhouse,https://www.assemblyai.com/careers,assemblyai,https://job-boards.greenhouse.io/assemblyai,https://boards-api.greenhouse.io/v1/boards/assemblyai/jobs?content=true,live_jobs,6,200,
Astranis,astranis,http://www.astranis.com,https://www.ycombinator.com/companies/astranis,greenhouse,https://www.astranis.com/careers,astranis,https://job-boards.greenhouse.io/astranis,https://boards-api.greenhouse.io/v1/boards/astranis/jobs?content=true,live_jobs,136,200,
Astro Mechanica,astro-mechanica,https://astromecha.co/,https://www.ycombinator.com/companies/astro-mechanica,ashby,https://www.astromecha.co/careers,Astro-Mechanica,https://jobs.ashbyhq.com/Astro-Mechanica,https://api.ashbyhq.com/posting-api/job-board/Astro-Mechanica?includeCompensation=true,live_jobs,38,200,
Athelas,athelas,http://athelas.com,https://www.ycombinator.com/companies/athelas,ashby,https://www.athelas.com/careers,Commure,https://jobs.ashbyhq.com/Commure,https://api.ashbyhq.com/posting-api/job-board/Commure?includeCompensation=true,live_jobs,75,200,
AthenaHQ,athenahq,https://www.athenahq.ai,https://www.ycombinator.com/companies/athenahq,ashby,https://athenahq.ai/careers,athena-hq,https://jobs.ashbyhq.com/athena-hq,https://api.ashbyhq.com/posting-api/job-board/athena-hq?includeCompensation=true,live_jobs,5,200,
Atlas,atlas-3,https://atlascard.com,https://www.ycombinator.com/companies/atlas-3,ashby,https://atlascard.com/,atlas,https://jobs.ashbyhq.com/atlas,https://api.ashbyhq.com/posting-api/job-board/atlas?includeCompensation=true,live_jobs,6,200,
AtoB,atob,https://atob.com/,https://www.ycombinator.com/companies/atob,ashby,https://www.atob.com/careers,atob,https://jobs.ashbyhq.com/atob,https://api.ashbyhq.com/posting-api/job-board/atob?includeCompensation=true,live_jobs,13,200,
Atomic,atomic,https://www.atomicvest.com/,https://www.ycombinator.com/companies/atomic,ashby,https://www.atomicvest.com/careers,atomic-invest,https://jobs.ashbyhq.com/atomic-invest,https://api.ashbyhq.com/posting-api/job-board/atomic-invest?includeCompensation=true,live_jobs,3,200,
Automat,automat,https://www.runautomat.com/,https://www.ycombinator.com/companies/automat,ashby,https://runautomat.com/careers,,,,unresolved_board_token,0,200,no_ashby_org_found
Axel Travel,axel-travel,https://helloaxel.com/,https://www.ycombinator.com/companies/axel-travel,ashby,https://helloaxel.com/en/careers,Axel,https://jobs.ashbyhq.com/Axel,https://api.ashbyhq.com/posting-api/job-board/Axel?includeCompensation=true,live_jobs,1,200,
Axle Health,axle-health,https://www.axlehealth.com,https://www.ycombinator.com/companies/axle-health,ashby,https://www.axlehealth.com/careers,axle-health,https://jobs.ashbyhq.com/axle-health,https://api.ashbyhq.com/posting-api/job-board/axle-health?includeCompensation=true,live_jobs,6,200,
Bankjoy,bankjoy,http://bankjoy.com,https://www.ycombinator.com/companies/bankjoy,ashby,https://bankjoy.com/jobs,bankjoy,https://jobs.ashbyhq.com/bankjoy,https://api.ashbyhq.com/posting-api/job-board/bankjoy?includeCompensation=true,live_jobs,8,200,
Benepass,benepass,http://www.getbenepass.com,https://www.ycombinator.com/companies/benepass,ashby,https://getbenepass.com/,benepass,https://jobs.ashbyhq.com/benepass,https://api.ashbyhq.com/posting-api/job-board/benepass?includeCompensation=true,live_jobs,11,200,
BillionToOne,billiontoone,https://www.billiontoone.com,https://www.ycombinator.com/companies/billiontoone,greenhouse,https://www.billiontoone.com/careers/open-positions,,,,unresolved_board_token,0,200,no_greenhouse_token_found
Bitmovin,bitmovin,http://bitmovin.com,https://www.ycombinator.com/companies/bitmovin,greenhouse,https://bitmovin.com/,,,,unresolved_board_token,0,403,no_greenhouse_token_found
Bland AI,bland-ai,https://bland.com,https://www.ycombinator.com/companies/bland-ai,ashby,https://jobs.ashbyhq.com/bland,bland,https://jobs.ashbyhq.com/bland,https://api.ashbyhq.com/posting-api/job-board/bland?includeCompensation=true,live_jobs,12,200,
Blaxel,blaxel,https://blaxel.ai,https://www.ycombinator.com/companies/blaxel,ashby,https://blaxel.ai/,blaxel,https://jobs.ashbyhq.com/blaxel,https://api.ashbyhq.com/posting-api/job-board/blaxel?includeCompensation=true,live_jobs,3,200,
Blee,blee,https://www.blee.com,https://www.ycombinator.com/companies/blee,ashby,https://www.blee.com/careers,Blee,https://jobs.ashbyhq.com/Blee,https://api.ashbyhq.com/posting-api/job-board/Blee?includeCompensation=true,live_jobs,8,200,
Blissway,blissway,https://www.blissway.com/,https://www.ycombinator.com/companies/blissway,ashby,https://www.blissway.com/,blissway,https://jobs.ashbyhq.com/blissway,https://api.ashbyhq.com/posting-api/job-board/blissway?includeCompensation=true,live_jobs,6,200,
Bloom Institute of Technology,bloom-institute-of-technology,https://www.bloomtech.com,https://www.ycombinator.com/companies/bloom-institute-of-technology,lever,https://www.bloomtech.com/careers,,,,endpoint_error,0,404,http_404
Blue Onion,blue-onion,https://www.blueonion.ai/,https://www.ycombinator.com/companies/blue-onion,ashby,https://www.blueonion.ai/,,,,endpoint_error,0,404,http_404
Bretton AI,bretton-ai,https://www.bretton.com/,https://www.ycombinator.com/companies/bretton-ai,ashby,https://www.bretton.com/careers,brettonai,https://jobs.ashbyhq.com/brettonai,https://api.ashbyhq.com/posting-api/job-board/brettonai?includeCompensation=true,live_jobs,8,200,
BuildZoom,buildzoom,https://www.buildzoom.com,https://www.ycombinator.com/companies/buildzoom,lever,https://www.buildzoom.com/careers,,,,endpoint_error,0,404,http_404
Bunkerhill Health,bunkerhill-health,http://bunkerhillhealth.com,https://www.ycombinator.com/companies/bunkerhill-health,ashby,https://www.bunkerhillhealth.com/careers,bunkerhillhealth,https://jobs.ashbyhq.com/bunkerhillhealth,https://api.ashbyhq.com/posting-api/job-board/bunkerhillhealth?includeCompensation=true,live_jobs,6,200,
Cambio,cambio-2,https://www.cambio.ai/,https://www.ycombinator.com/companies/cambio-2,ashby,https://www.cambio.ai/careers,cambio,https://jobs.ashbyhq.com/cambio,https://api.ashbyhq.com/posting-api/job-board/cambio?includeCompensation=true,live_jobs,2,200,
Cambly,cambly,http://www.cambly.com,https://www.ycombinator.com/companies/cambly,ashby,https://jobs.cambly.com/,Cambly,https://jobs.ashbyhq.com/Cambly,https://api.ashbyhq.com/posting-api/job-board/Cambly?includeCompensation=true,live_jobs,12,200,
Campfire,campfire-2,https://campfire.ai,https://www.ycombinator.com/companies/campfire-2,ashby,https://campfire.ai/careers,campfire,https://jobs.ashbyhq.com/campfire,https://api.ashbyhq.com/posting-api/job-board/campfire?includeCompensation=true,live_jobs,25,200,
Canary Technologies,canary-technologies,https://www.canarytechnologies.com,https://www.ycombinator.com/companies/canary-technologies,lever,https://www.canarytechnologies.com/jobs,canarytechnologies,https://jobs.lever.co/canarytechnologies,https://api.lever.co/v0/postings/canarytechnologies?mode=json,live_jobs,43,200,
Candid Health,candid-health,https://www.joincandidhealth.com,https://www.ycombinator.com/companies/candid-health,ashby,https://candidhealth.com/careers,candidhealth,https://jobs.ashbyhq.com/candidhealth,https://api.ashbyhq.com/posting-api/job-board/candidhealth?includeCompensation=true,live_jobs,36,200,
Capy,capy,https://capy.ai,https://www.ycombinator.com/companies/capy,ashby,https://capy.ai/careers,capy,https://jobs.ashbyhq.com/capy,https://api.ashbyhq.com/posting-api/job-board/capy?includeCompensation=true,live_jobs,2,200,
Cargo,cargo,https://getcargo.io,https://www.ycombinator.com/companies/cargo,greenhouse,https://www.getcargo.ai/jobs,,,,endpoint_error,0,404,http_404
Casca,casca,https://www.cascading.ai/,https://www.ycombinator.com/companies/casca,ashby,https://www.cascading.ai/,casca,https://jobs.ashbyhq.com/casca,https://api.ashbyhq.com/posting-api/job-board/casca?includeCompensation=true,live_jobs,11,200,
Charge Robotics,charge-robotics,https://chargerobotics.com/,https://www.ycombinator.com/companies/charge-robotics,ashby,https://chargerobotics.com/,charge-robotics,https://jobs.ashbyhq.com/charge-robotics,https://api.ashbyhq.com/posting-api/job-board/charge-robotics?includeCompensation=true,live_jobs,10,200,
Cinder,cinder-2,https://cinder.ai,https://www.ycombinator.com/companies/cinder-2,ashby,https://cinder.ai/careers,cinder,https://jobs.ashbyhq.com/cinder,https://api.ashbyhq.com/posting-api/job-board/cinder?includeCompensation=true,live_jobs,8,200,
Claim Health,claim-health,https://www.claimhealth.com,https://www.ycombinator.com/companies/claim-health,ashby,https://www.claimhealth.com/,claim-health,https://jobs.ashbyhq.com/claim-health,https://api.ashbyhq.com/posting-api/job-board/claim-health?includeCompensation=true,live_jobs,6,200,
Clearly AI,clearly-ai,https://clearly-ai.com,https://www.ycombinator.com/companies/clearly-ai,ashby,https://clearly-ai.com/blog/seed-round,clearly-ai,https://jobs.ashbyhq.com/clearly-ai,https://api.ashbyhq.com/posting-api/job-board/clearly-ai?includeCompensation=true,live_jobs,7,200,
Clipboard,clipboard,https://www.clipboardworks.com/careers,https://www.ycombinator.com/companies/clipboard,ashby,https://www.clipboardworks.com/careers,clipboard,https://jobs.ashbyhq.com/clipboard,https://api.ashbyhq.com/posting-api/job-board/clipboard?includeCompensation=true,live_jobs,48,200,
Codes Health,codes-health,https://www.codeshealth.com/,https://www.ycombinator.com/companies/codes-health,ashby,https://www.getcodeshealth.com/use-cases,codes-health,https://jobs.ashbyhq.com/codes-health,https://api.ashbyhq.com/posting-api/job-board/codes-health?includeCompensation=true,live_jobs,8,200,
Cofactr,cofactr,https://www.cofactr.com/,https://www.ycombinator.com/companies/cofactr,lever,https://www.cofactr.com/,Cofactr,https://jobs.lever.co/Cofactr,https://api.lever.co/v0/postings/Cofactr?mode=json,board_reachable_zero_jobs,0,200,
Collectly,collectly,http://collectly.co/,https://www.ycombinator.com/companies/collectly,lever,https://www.collectly.co/,CollectlyInc,https://jobs.lever.co/CollectlyInc,https://api.lever.co/v0/postings/CollectlyInc?mode=json,live_jobs,12,200,
Concourse,concourse,https://concourse.co/,https://www.ycombinator.com/companies/concourse,ashby,https://www.concourse.co/,concourse,https://jobs.ashbyhq.com/concourse,https://api.ashbyhq.com/posting-api/job-board/concourse?includeCompensation=true,live_jobs,12,200,
Confido,confido,https://www.confidotech.com,https://www.ycombinator.com/companies/confido,ashby,https://www.confidotech.com/careers,confido,https://jobs.ashbyhq.com/confido,https://api.ashbyhq.com/posting-api/job-board/confido?includeCompensation=true,live_jobs,26,200,
Constellation Space,constellation-space,https://constellation.space/,https://www.ycombinator.com/companies/constellation-space,ashby,https://constellation.space/,constellationspace,https://jobs.ashbyhq.com/constellationspace,https://api.ashbyhq.com/posting-api/job-board/constellationspace?includeCompensation=true,live_jobs,4,200,
Coperniq,coperniq,https://coperniq.io,https://www.ycombinator.com/companies/coperniq,ashby,https://coperniq.io/integrations,Coperniq,https://jobs.ashbyhq.com/Coperniq,https://api.ashbyhq.com/posting-api/job-board/Coperniq?includeCompensation=true,live_jobs,1,200,
Coris,coris,https://coris.ai/,https://www.ycombinator.com/companies/coris,ashby,https://www.coris.ai/,,,,endpoint_error,0,404,http_404
Courtyard.io,courtyard-io,https://courtyard.io,https://www.ycombinator.com/companies/courtyard-io,greenhouse,https://job-boards.greenhouse.io/courtyardinc,courtyardinc,https://job-boards.greenhouse.io/courtyardinc,https://boards-api.greenhouse.io/v1/boards/courtyardinc/jobs?content=true,live_jobs,8,200,
Credal.ai,credal-ai,https://credal.ai,https://www.ycombinator.com/companies/credal-ai,ashby,https://credal.ai/careers,credal,https://jobs.ashbyhq.com/credal,https://api.ashbyhq.com/posting-api/job-board/credal?includeCompensation=true,live_jobs,7,200,
CTGT,ctgt,https://www.ctgt.ai/,https://www.ycombinator.com/companies/ctgt,ashby,https://www.ctgt.ai/,ctgt,https://jobs.ashbyhq.com/ctgt,https://api.ashbyhq.com/posting-api/job-board/ctgt?includeCompensation=true,live_jobs,2,200,
Curri,curri,http://www.curri.com,https://www.ycombinator.com/companies/curri,ashby,https://www.curri.com/careers,curri,https://jobs.ashbyhq.com/curri,https://api.ashbyhq.com/posting-api/job-board/curri?includeCompensation=true,live_jobs,24,200,
Datafold,datafold,https://datafold.com,https://www.ycombinator.com/companies/datafold,ashby,https://www.datafold.com/careers/,datafold,https://jobs.ashbyhq.com/datafold,https://api.ashbyhq.com/posting-api/job-board/datafold?includeCompensation=true,live_jobs,1,200,
David AI,david-ai,https://www.withdavid.ai/,https://www.ycombinator.com/companies/david-ai,ashby,https://www.withdavid.ai/jobs,david-ai,https://jobs.ashbyhq.com/david-ai,https://api.ashbyhq.com/posting-api/job-board/david-ai?includeCompensation=true,live_jobs,11,200,
Decoda Health,decoda-health,https://decodahealth.com/,https://www.ycombinator.com/companies/decoda-health,ashby,https://decodahealth.com/,decodahealth,https://jobs.ashbyhq.com/decodahealth,https://api.ashbyhq.com/posting-api/job-board/decodahealth?includeCompensation=true,live_jobs,4,200,
Dedalus Labs,dedalus-labs,https://www.dedaluslabs.ai/,https://www.ycombinator.com/companies/dedalus-labs,ashby,https://www.dedaluslabs.ai/careers,dedalus-labs,https://jobs.ashbyhq.com/dedalus-labs,https://api.ashbyhq.com/posting-api/job-board/dedalus-labs?includeCompensation=true,live_jobs,1,200,
DirectShifts,directshifts,https://directshifts.com,https://www.ycombinator.com/companies/directshifts,greenhouse,https://www.directshifts.com/careers,,,,endpoint_error,0,404,http_404
doola,doola,https://www.doola.com/,https://www.ycombinator.com/companies/doola,lever,https://www.doola.com/careers/,doola,https://jobs.lever.co/doola,https://api.lever.co/v0/postings/doola?mode=json,live_jobs,8,200,
Double,doublehq,https://www.doublehq.com,https://www.ycombinator.com/companies/doublehq,ashby,https://doublehq.com/,double,https://jobs.ashbyhq.com/double,https://api.ashbyhq.com/posting-api/job-board/double?includeCompensation=true,live_jobs,5,200,
Dyneti Technologies,dyneti-technologies,http://www.dyneti.com,https://www.ycombinator.com/companies/dyneti-technologies,ashby,https://s.dyneti.com/careers/,dyneti,https://jobs.ashbyhq.com/dyneti,https://api.ashbyhq.com/posting-api/job-board/dyneti?includeCompensation=true,live_jobs,9,200,
Edexia,edexia,https://www.edexia.com/,https://www.ycombinator.com/companies/edexia,lever,https://www.edexia.com/,,,,endpoint_error,0,404,http_404
Ekho,ekho,https://www.ekho.com,https://www.ycombinator.com/companies/ekho,ashby,https://www.ekho.com/careers/,ekho,https://jobs.ashbyhq.com/ekho,https://api.ashbyhq.com/posting-api/job-board/ekho?includeCompensation=true,live_jobs,8,200,
Electric Air,electric-air-2,https://www.electricair.io/,https://www.ycombinator.com/companies/electric-air-2,ashby,https://www.electricair.io/careers,electricair,https://jobs.ashbyhq.com/electricair,https://api.ashbyhq.com/posting-api/job-board/electricair?includeCompensation=true,live_jobs,5,200,
Ello,ello,https://www.ello.com,https://www.ycombinator.com/companies/ello,ashby,https://www.ello.com/,ello,https://jobs.ashbyhq.com/ello,https://api.ashbyhq.com/posting-api/job-board/ello?includeCompensation=true,live_jobs,4,200,
Eloquent AI,eloquent-ai,https://www.eloquentai.co/,https://www.ycombinator.com/companies/eloquent-ai,ashby,https://www.eloquentai.co/careers,eloquentai,https://jobs.ashbyhq.com/eloquentai,https://api.ashbyhq.com/posting-api/job-board/eloquentai?includeCompensation=true,live_jobs,12,200,
Embrace,embrace,https://embrace.io,https://www.ycombinator.com/companies/embrace,greenhouse,https://embrace.io/,embrace,https://job-boards.greenhouse.io/embrace,https://boards-api.greenhouse.io/v1/boards/embrace/jobs?content=true,live_jobs,8,200,
Escape,escape,https://escape.tech,https://www.ycombinator.com/companies/escape,ashby,https://escape.tech/careers,escape,https://jobs.ashbyhq.com/escape,https://api.ashbyhq.com/posting-api/job-board/escape?includeCompensation=true,live_jobs,9,200,
Every,every,https://every.io/,https://www.ycombinator.com/companies/every,ashby,https://www.every.io/,every-io,https://jobs.ashbyhq.com/every-io,https://api.ashbyhq.com/posting-api/job-board/every-io?includeCompensation=true,live_jobs,4,200,
F2,f2,http://f2.ai,https://www.ycombinator.com/companies/f2,ashby,https://f2.ai/,f2-ai,https://jobs.ashbyhq.com/f2-ai,https://api.ashbyhq.com/posting-api/job-board/f2-ai?includeCompensation=true,live_jobs,10,200,
Farcast,farcast,https://www.farcast.com/,https://www.ycombinator.com/companies/farcast,lever,https://www.farcast.com/,Farcast,https://jobs.lever.co/Farcast,https://api.lever.co/v0/postings/Farcast?mode=json,live_jobs,1,200,
Fathom,fathom,https://www.fathom.ai,https://www.ycombinator.com/companies/fathom,ashby,https://www.fathom.ai/,fathom.video,https://jobs.ashbyhq.com/fathom.video,https://api.ashbyhq.com/posting-api/job-board/fathom.video?includeCompensation=true,live_jobs,8,200,
Fernstone,fernstone,https://www.fernstone.com,https://www.ycombinator.com/companies/fernstone,ashby,https://fernstone.com/,fernstone,https://jobs.ashbyhq.com/fernstone,https://api.ashbyhq.com/posting-api/job-board/fernstone?includeCompensation=true,live_jobs,1,200,
Fieldguide,fieldguide,http://fieldguide.io,https://www.ycombinator.com/companies/fieldguide,ashby,https://www.fieldguide.io/careers,fieldguide,https://jobs.ashbyhq.com/fieldguide,https://api.ashbyhq.com/posting-api/job-board/fieldguide?includeCompensation=true,live_jobs,37,200,
Finch,finch,https://tryfinch.com,https://www.ycombinator.com/companies/finch,lever,https://www.tryfinch.com/,finch,https://jobs.lever.co/finch,https://api.lever.co/v0/postings/finch?mode=json,live_jobs,10,200,
Finvest,finvest,https://www.getfinvest.com/,https://www.ycombinator.com/companies/finvest,ashby,https://www.getfinvest.com/,finvest,https://jobs.ashbyhq.com/finvest,https://api.ashbyhq.com/posting-api/job-board/finvest?includeCompensation=true,live_jobs,5,200,
Firstbase.io,firstbase-io,https://firstbase.io/,https://www.ycombinator.com/companies/firstbase-io,ashby,https://www.firstbase.io/careers,,,,endpoint_error,0,404,http_404
Flagright,flagright,https://flagright.com,https://www.ycombinator.com/companies/flagright,ashby,https://jobs.ashbyhq.com/flagright.com,flagright.com,https://jobs.ashbyhq.com/flagright.com,https://api.ashbyhq.com/posting-api/job-board/flagright.com?includeCompensation=true,live_jobs,36,200,
Flai,flai,https://www.useflai.com/,https://www.ycombinator.com/companies/flai,ashby,https://www.useflai.com/,flai,https://jobs.ashbyhq.com/flai,https://api.ashbyhq.com/posting-api/job-board/flai?includeCompensation=true,live_jobs,5,200,
Freshpaint,freshpaint,https://freshpaint.io,https://www.ycombinator.com/companies/freshpaint,ashby,https://www.freshpaint.io/careers,freshpaint,https://jobs.ashbyhq.com/freshpaint,https://api.ashbyhq.com/posting-api/job-board/freshpaint?includeCompensation=true,live_jobs,8,200,
FurtherAI,furtherai,https://www.furtherai.com/,https://www.ycombinator.com/companies/furtherai,ashby,https://www.furtherai.com/company#join-us,furtherai,https://jobs.ashbyhq.com/furtherai,https://api.ashbyhq.com/posting-api/job-board/furtherai?includeCompensation=true,live_jobs,8,200,
Garage,garage-2,https://www.shopgarage.com/,https://www.ycombinator.com/companies/garage-2,ashby,https://www.shopgarage.com/careers,garage,https://jobs.ashbyhq.com/garage,https://api.ashbyhq.com/posting-api/job-board/garage?includeCompensation=true,live_jobs,9,200,
Gather,gather-2,https://www.gather.town/,https://www.ycombinator.com/companies/gather-2,greenhouse,https://www.gather.town/whats-new,gather,https://job-boards.greenhouse.io/gather,https://boards-api.greenhouse.io/v1/boards/gather/jobs?content=true,board_reachable_zero_jobs,0,200,
Gecko Robotics,gecko-robotics,https://www.geckorobotics.com,https://www.ycombinator.com/companies/gecko-robotics,ashby,https://www.geckorobotics.com/careers,gecko-robotics,https://jobs.ashbyhq.com/gecko-robotics,https://api.ashbyhq.com/posting-api/job-board/gecko-robotics?includeCompensation=true,live_jobs,18,200,
General Proximity,general-proximity,https://www.generalproximity.bio/,https://www.ycombinator.com/companies/general-proximity,greenhouse,https://www.generalproximity.bio/careers,,,,unresolved_board_token,0,200,no_greenhouse_token_found
Giga,giga,https://giga.ai/,https://www.ycombinator.com/companies/giga,ashby,https://giga.ai/careers,gigaml,https://jobs.ashbyhq.com/gigaml,https://api.ashbyhq.com/posting-api/job-board/gigaml?includeCompensation=true,live_jobs,52,200,
Ginkgo Bioworks,ginkgo-bioworks,http://ginkgobioworks.com,https://www.ycombinator.com/companies/ginkgo-bioworks,greenhouse,https://www.ginkgo.bio/,ginkgobioworks,https://job-boards.greenhouse.io/ginkgobioworks,https://boards-api.greenhouse.io/v1/boards/ginkgobioworks/jobs?content=true,live_jobs,12,200,
GiveCampus,givecampus,http://go.givecampus.com,https://www.ycombinator.com/companies/givecampus,greenhouse,https://go.givecampus.com/about-us/careers/,givecampus,https://job-boards.greenhouse.io/givecampus,https://boards-api.greenhouse.io/v1/boards/givecampus/jobs?content=true,live_jobs,17,200,
Glimpse,glimpse-2,https://tryglimpse.com/,https://www.ycombinator.com/companies/glimpse-2,ashby,https://www.tryglimpse.com/,glimpse,https://jobs.ashbyhq.com/glimpse,https://api.ashbyhq.com/posting-api/job-board/glimpse?includeCompensation=true,live_jobs,10,200,
GoLinks,golinks,https://www.golinks.io,https://www.ycombinator.com/companies/golinks,ashby,https://www.golinks.io/careers.php,golinks,https://jobs.ashbyhq.com/golinks,https://api.ashbyhq.com/posting-api/job-board/golinks?includeCompensation=true,live_jobs,5,200,
GovDash,govdash,https://govdash.com/,https://www.ycombinator.com/companies/govdash,ashby,https://www.govdash.com/customer-stories,govdash,https://jobs.ashbyhq.com/govdash,https://api.ashbyhq.com/posting-api/job-board/govdash?includeCompensation=true,live_jobs,8,200,
GovEagle,goveagle,https://www.goveagle.com/,https://www.ycombinator.com/companies/goveagle,ashby,https://www.goveagle.com/,GovEagle,https://jobs.ashbyhq.com/GovEagle,https://api.ashbyhq.com/posting-api/job-board/GovEagle?includeCompensation=true,live_jobs,3,200,
Great Question,great-question,https://greatquestion.co,https://www.ycombinator.com/companies/great-question,ashby,https://jobs.ashbyhq.com/greatquestion,greatquestion,https://jobs.ashbyhq.com/greatquestion,https://api.ashbyhq.com/posting-api/job-board/greatquestion?includeCompensation=true,live_jobs,1,200,
Greenboard,greenboard,https://www.greenboard.com,https://www.ycombinator.com/companies/greenboard,ashby,https://www.greenboard.com/careers,Greenboard,https://jobs.ashbyhq.com/Greenboard,https://api.ashbyhq.com/posting-api/job-board/Greenboard?includeCompensation=true,live_jobs,4,200,
Gridware,gridware,https://www.gridware.io,https://www.ycombinator.com/companies/gridware,lever,https://www.gridware.io/careers,gridware,https://jobs.lever.co/gridware,https://api.lever.co/v0/postings/gridware?mode=json,live_jobs,28,200,
Hamming AI,hamming-ai,https://hamming.ai/,https://www.ycombinator.com/companies/hamming-ai,ashby,https://hamming.ai/careers,,,,endpoint_error,0,404,http_404
Harper,harper,https://www.harperinsure.com/,https://www.ycombinator.com/companies/harper,ashby,https://www.harperinsure.com/,harperinsure,https://jobs.ashbyhq.com/harperinsure,https://api.ashbyhq.com/posting-api/job-board/harperinsure?includeCompensation=true,live_jobs,25,200,
Heron Data,heron-data,https://www.herondata.io,https://www.ycombinator.com/companies/heron-data,ashby,https://www.herondata.io/careers,herondata,https://jobs.ashbyhq.com/herondata,https://api.ashbyhq.com/posting-api/job-board/herondata?includeCompensation=true,live_jobs,7,200,
HockeyStack,hockeystack,https://hockeystack.com,https://www.ycombinator.com/companies/hockeystack,ashby,https://www.hockeystack.com/careers,hockeystack,https://jobs.ashbyhq.com/hockeystack,https://api.ashbyhq.com/posting-api/job-board/hockeystack?includeCompensation=true,live_jobs,14,200,
HOKALI,hokali,https://www.hokali.com/,https://www.ycombinator.com/companies/hokali,workable,https://www.hokali.com/summer-camps,hokali,https://apply.workable.com/hokali/,https://apply.workable.com/api/v3/accounts/hokali/jobs,live_jobs,13,200,
Human Archive,human-archive,https://www.humanarchive.ai/,https://www.ycombinator.com/companies/human-archive,ashby,https://www.humanarchive.ai/,humanarchive,https://jobs.ashbyhq.com/humanarchive,https://api.ashbyhq.com/posting-api/job-board/humanarchive?includeCompensation=true,live_jobs,10,200,
Hypercubic,hypercubic,https://www.hypercubic.ai/,https://www.ycombinator.com/companies/hypercubic,ashby,https://www.hypercubic.ai/,hypercubic,https://jobs.ashbyhq.com/hypercubic,https://api.ashbyhq.com/posting-api/job-board/hypercubic?includeCompensation=true,live_jobs,1,200,
Icarus,icarus,https://www.icarus.one/,https://www.ycombinator.com/companies/icarus,greenhouse,https://www.icarus.one/,icarus,https://job-boards.greenhouse.io/icarus,https://boards-api.greenhouse.io/v1/boards/icarus/jobs?content=true,live_jobs,12,200,
Infisical,infisical,https://infisical.com,https://www.ycombinator.com/companies/infisical,ashby,https://infisical.com/careers,infisical,https://jobs.ashbyhq.com/infisical,https://api.ashbyhq.com/posting-api/job-board/infisical?includeCompensation=true,live_jobs,13,200,
InfluxData,influxdata,https://influxdata.com,https://www.ycombinator.com/companies/influxdata,ashby,https://www.influxdata.com/careers/,Influxdata,https://jobs.ashbyhq.com/Influxdata,https://api.ashbyhq.com/posting-api/job-board/Influxdata?includeCompensation=true,live_jobs,2,200,
Inkeep,inkeep,https://inkeep.com,https://www.ycombinator.com/companies/inkeep,ashby,https://inkeep.com/careers,inkeep,https://jobs.ashbyhq.com/inkeep,https://api.ashbyhq.com/posting-api/job-board/inkeep?includeCompensation=true,live_jobs,7,200,
Instawork,instawork,http://instawork.com,https://www.ycombinator.com/companies/instawork,greenhouse,https://www.instawork.com/careers,,,,unresolved_board_token,0,200,no_greenhouse_token_found
Instrumentl,instrumentl,https://www.instrumentl.com,https://www.ycombinator.com/companies/instrumentl,lever,https://www.instrumentl.com/careers,Instrumentl,https://jobs.lever.co/Instrumentl,https://api.lever.co/v0/postings/Instrumentl?mode=json,live_jobs,19,200,
Invert,invert,http://www.invertbio.com/,https://www.ycombinator.com/companies/invert,ashby,https://invertbio.com/careers,invert,https://jobs.ashbyhq.com/invert,https://api.ashbyhq.com/posting-api/job-board/invert?includeCompensation=true,live_jobs,6,200,
Ironclad,ironclad,http://ironcladapp.com,https://www.ycombinator.com/companies/ironclad,ashby,https://ironcladapp.com/careers,ironcladhq,https://jobs.ashbyhq.com/ironcladhq,https://api.ashbyhq.com/posting-api/job-board/ironcladhq?includeCompensation=true,live_jobs,43,200,
JITX,jitx,http://www.jitx.com,https://www.ycombinator.com/companies/jitx,lever,https://www.jitx.com/careers,jitxinc,https://jobs.lever.co/jitxinc,https://api.lever.co/v0/postings/jitxinc?mode=json,live_jobs,1,200,
Julius,julius,https://julius.ai,https://www.ycombinator.com/companies/julius,ashby,https://jobs.ashbyhq.com/julius?utm_source=b7Q8WxXqpk,julius,https://jobs.ashbyhq.com/julius,https://api.ashbyhq.com/posting-api/job-board/julius?includeCompensation=true,live_jobs,4,200,
Kalshi,kalshi,https://www.kalshi.com,https://www.ycombinator.com/companies/kalshi,ashby,https://kalshi.com/careers,kalshi,https://jobs.ashbyhq.com/kalshi,https://api.ashbyhq.com/posting-api/job-board/kalshi?includeCompensation=true,live_jobs,27,200,
Kingdom,kingdom,https://kingdomsuperculture.com,https://www.ycombinator.com/companies/kingdom,ashby,https://www.kingdomsuperculture.com/,Kingdom,https://jobs.ashbyhq.com/Kingdom,https://api.ashbyhq.com/posting-api/job-board/Kingdom?includeCompensation=true,live_jobs,3,200,
Klarity,klarity,http://klarity.ai,https://www.ycombinator.com/companies/klarity,ashby,https://www.klarity.ai/careers,klarity-ai,https://jobs.ashbyhq.com/klarity-ai,https://api.ashbyhq.com/posting-api/job-board/klarity-ai?includeCompensation=true,live_jobs,16,200,
Knowtex,knowtex,http://www.knowtex.ai/,https://www.ycombinator.com/companies/knowtex,ashby,https://www.knowtex.ai/careers,ashby-embed-demo-org,https://jobs.ashbyhq.com/ashby-embed-demo-org,https://api.ashbyhq.com/posting-api/job-board/ashby-embed-demo-org?includeCompensation=true,live_jobs,9,200,
Kodex,kodex,https://www.kodexglobal.com,https://www.ycombinator.com/companies/kodex,ashby,https://www.kodexglobal.com/,kodex,https://jobs.ashbyhq.com/kodex,https://api.ashbyhq.com/posting-api/job-board/kodex?includeCompensation=true,live_jobs,5,200,
Lago,lago,https://www.getlago.com/,https://www.ycombinator.com/companies/lago,ashby,https://getlago.com/hiring,lago,https://jobs.ashbyhq.com/lago,https://api.ashbyhq.com/posting-api/job-board/lago?includeCompensation=true,live_jobs,12,200,
Latent,latent,https://latenthealth.com,https://www.ycombinator.com/companies/latent,ashby,https://latenthealth.com/careers,latent,https://jobs.ashbyhq.com/latent,https://api.ashbyhq.com/posting-api/job-board/latent?includeCompensation=true,live_jobs,21,200,
LineLeap,lineleap,https://www.lineleap.com/,https://www.ycombinator.com/companies/lineleap,greenhouse,https://www.lineleap.com/about#careers,,,,endpoint_error,0,404,http_404
LiteLLM,litellm,https://www.litellm.ai/,https://www.ycombinator.com/companies/litellm,ashby,https://www.litellm.ai/,litellm,https://jobs.ashbyhq.com/litellm,https://api.ashbyhq.com/posting-api/job-board/litellm?includeCompensation=true,live_jobs,6,200,
Living Carbon,living-carbon,https://www.livingcarbon.com,https://www.ycombinator.com/companies/living-carbon,lever,https://www.livingcarbon.com/about#careers,livingcarbon,https://jobs.lever.co/livingcarbon,https://api.lever.co/v0/postings/livingcarbon?mode=json,live_jobs,2,200,
Lob,lob,http://lob.com,https://www.ycombinator.com/companies/lob,greenhouse,https://www.lob.com/careers,lob,https://job-boards.greenhouse.io/lob,https://boards-api.greenhouse.io/v1/boards/lob/jobs?content=true,live_jobs,8,200,
Loula,loula,https://joinloula.com,https://www.ycombinator.com/companies/loula,ashby,https://joinloula.com/,loula,https://jobs.ashbyhq.com/loula,https://api.ashbyhq.com/posting-api/job-board/loula?includeCompensation=true,live_jobs,4,200,
Luminai,luminai,https://www.luminai.com,https://www.ycombinator.com/companies/luminai,ashby,https://www.luminai.com/careers,luminai,https://jobs.ashbyhq.com/luminai,https://api.ashbyhq.com/posting-api/job-board/luminai?includeCompensation=true,live_jobs,11,200,
Mach9,mach9,https://www.mach9.ai/,https://www.ycombinator.com/companies/mach9,ashby,https://www.mach9.ai/,mach9,https://jobs.ashbyhq.com/mach9,https://api.ashbyhq.com/posting-api/job-board/mach9?includeCompensation=true,live_jobs,7,200,
Magic Patterns,magic-patterns,https://www.magicpatterns.com/,https://www.ycombinator.com/companies/magic-patterns,ashby,https://www.magicpatterns.com/,magicpatterns,https://jobs.ashbyhq.com/magicpatterns,https://api.ashbyhq.com/posting-api/job-board/magicpatterns?includeCompensation=true,live_jobs,5,200,
Malama Health,malama-health,https://www.heymalama.co,https://www.ycombinator.com/companies/malama-health,workable,https://heymalama.co/,malama-health,https://apply.workable.com/malama-health/,https://apply.workable.com/api/v3/accounts/malama-health/jobs,live_jobs,11,200,
Mashgin,mashgin,http://mashgin.com,https://www.ycombinator.com/companies/mashgin,lever,https://www.mashgin.com/careers,mashgin,https://jobs.lever.co/mashgin,https://api.lever.co/v0/postings/mashgin?mode=json,live_jobs,16,200,
MaverickX,maverickx,https://www.MaverickX.com,https://www.ycombinator.com/companies/maverickx,lever,https://www.maverickx.com/,maverickx,https://jobs.lever.co/maverickx,https://api.lever.co/v0/postings/maverickx?mode=json,live_jobs,6,200,
May Mobility,may-mobility,http://maymobility.com,https://www.ycombinator.com/companies/may-mobility,greenhouse,https://maymobility.com/careers/,maymobility,https://job-boards.greenhouse.io/maymobility,https://boards-api.greenhouse.io/v1/boards/maymobility/jobs?content=true,live_jobs,46,200,
Mem0,mem0,https://mem0.ai,https://www.ycombinator.com/companies/mem0,ashby,https://mem0.ai/careers,mem0,https://jobs.ashbyhq.com/mem0,https://api.ashbyhq.com/posting-api/job-board/mem0?includeCompensation=true,live_jobs,5,200,
Metriport,metriport,https://metriport.com/,https://www.ycombinator.com/companies/metriport,ashby,https://metriport.com/,metriport,https://jobs.ashbyhq.com/metriport,https://api.ashbyhq.com/posting-api/job-board/metriport?includeCompensation=true,live_jobs,18,200,
Middesk,middesk,http://www.middesk.com,https://www.ycombinator.com/companies/middesk,ashby,https://www.middesk.com/careers,middesk,https://jobs.ashbyhq.com/middesk,https://api.ashbyhq.com/posting-api/job-board/middesk?includeCompensation=true,live_jobs,14,200,
Minicor,minicor,https://minicor.com,https://www.ycombinator.com/companies/minicor,ashby,https://www.minicor.com/careers,,,,endpoint_error,0,404,http_404
Modern Health,modern-health,https://www.modernhealth.com/,https://www.ycombinator.com/companies/modern-health,greenhouse,https://www.modernhealth.com/careers,modernhealth,https://job-boards.greenhouse.io/modernhealth,https://boards-api.greenhouse.io/v1/boards/modernhealth/jobs?content=true,live_jobs,12,200,
Modern Treasury,modern-treasury,http://www.moderntreasury.com/,https://www.ycombinator.com/companies/modern-treasury,ashby,https://www.moderntreasury.com/about#careers,moderntreasury,https://jobs.ashbyhq.com/moderntreasury,https://api.ashbyhq.com/posting-api/job-board/moderntreasury?includeCompensation=true,live_jobs,7,200,
Momentic,momentic,https://momentic.ai,https://www.ycombinator.com/companies/momentic,ashby,https://momentic.ai/,momentic,https://jobs.ashbyhq.com/momentic,https://api.ashbyhq.com/posting-api/job-board/momentic?includeCompensation=true,live_jobs,2,200,
Multiply Labs,multiply-labs,http://multiplylabs.com/,https://www.ycombinator.com/companies/multiply-labs,lever,https://www.multiplylabs.com/careers,multiplylabs,https://jobs.lever.co/multiplylabs,https://api.lever.co/v0/postings/multiplylabs?mode=json,live_jobs,10,200,
Mutiny,mutiny,https://www.mutinyhq.com,https://www.ycombinator.com/companies/mutiny,ashby,https://www.mutinyhq.com/join-us,Mutiny,https://jobs.ashbyhq.com/Mutiny,https://api.ashbyhq.com/posting-api/job-board/Mutiny?includeCompensation=true,live_jobs,11,200,
Mux,mux,http://mux.com,https://www.ycombinator.com/companies/mux,ashby,https://www.mux.com/jobs,mux,https://jobs.ashbyhq.com/mux,https://api.ashbyhq.com/posting-api/job-board/mux?includeCompensation=true,live_jobs,3,200,
Nabis,nabis,https://www.nabis.com/,https://www.ycombinator.com/companies/nabis,greenhouse,https://www.nabis.com/careers,nabis,https://job-boards.greenhouse.io/nabis,https://boards-api.greenhouse.io/v1/boards/nabis/jobs?content=true,live_jobs,37,200,
NALA,nala,http://nala.com,https://www.ycombinator.com/companies/nala,workable,https://www.nala.com/,nalamoney,https://apply.workable.com/nalamoney/,https://apply.workable.com/api/v3/accounts/nalamoney/jobs,live_jobs,7,200,
Nango,nango,https://nango.dev,https://www.ycombinator.com/companies/nango,ashby,https://nango.dev/careers,Nango,https://jobs.ashbyhq.com/Nango,https://api.ashbyhq.com/posting-api/job-board/Nango?includeCompensation=true,live_jobs,1,200,
Nash,nash,https://www.usenash.com/,https://www.ycombinator.com/companies/nash,ashby,https://www.nash.ai/careers,Nash,https://jobs.ashbyhq.com/Nash,https://api.ashbyhq.com/posting-api/job-board/Nash?includeCompensation=true,live_jobs,19,200,
New Story,new-story,http://newstoryhomes.org,https://www.ycombinator.com/companies/new-story,ashby,https://www.newstoryhomes.org/careers,,,,endpoint_error,0,404,http_404
Notabene,notabene,https://notabene.id,https://www.ycombinator.com/companies/notabene,lever,https://notabene.id/,Notabene,https://jobs.lever.co/Notabene,https://api.lever.co/v0/postings/Notabene?mode=json,board_reachable_zero_jobs,0,200,
Nourish,nourish,https://nourish.com,https://www.ycombinator.com/companies/nourish,greenhouse,https://www.nourish.com/careers,usenourish,https://job-boards.greenhouse.io/usenourish,https://boards-api.greenhouse.io/v1/boards/usenourish/jobs?content=true,live_jobs,51,200,
Nova Credit,nova-credit,http://www.novacredit.com/,https://www.ycombinator.com/companies/nova-credit,greenhouse,https://www.novacredit.com/careers,novacredit,https://job-boards.greenhouse.io/novacredit,https://boards-api.greenhouse.io/v1/boards/novacredit/jobs?content=true,live_jobs,15,200,
Novig,novig,https://www.novig.com,https://www.ycombinator.com/companies/novig,ashby,https://novig.com/careers,novig,https://jobs.ashbyhq.com/novig,https://api.ashbyhq.com/posting-api/job-board/novig?includeCompensation=true,live_jobs,13,200,
Nox Metals,nox-metals,https://noxmetals.co/,https://www.ycombinator.com/companies/nox-metals,ashby,https://noxmetals.co/,nox-metals,https://jobs.ashbyhq.com/nox-metals,https://api.ashbyhq.com/posting-api/job-board/nox-metals?includeCompensation=true,live_jobs,24,200,
Numeral,numeral,https://www.numeral.com/,https://www.ycombinator.com/companies/numeral,ashby,https://www.numeral.com/careers,numeral,https://jobs.ashbyhq.com/numeral,https://api.ashbyhq.com/posting-api/job-board/numeral?includeCompensation=true,live_jobs,21,200,
Odeko,odeko,http://www.odeko.com,https://www.ycombinator.com/companies/odeko,greenhouse,https://odeko.com/pages/careers,odeko,https://job-boards.greenhouse.io/odeko,https://boards-api.greenhouse.io/v1/boards/odeko/jobs?content=true,live_jobs,19,200,
OffDeal,offdeal,https://offdeal.io,https://www.ycombinator.com/companies/offdeal,ashby,https://offdeal.io/careers,offdeal,https://jobs.ashbyhq.com/offdeal,https://api.ashbyhq.com/posting-api/job-board/offdeal?includeCompensation=true,live_jobs,2,200,
Onshore,onshore,https://onshore.com,https://www.ycombinator.com/companies/onshore,greenhouse,https://onshore.com/blog,onshore,https://job-boards.greenhouse.io/onshore,https://boards-api.greenhouse.io/v1/boards/onshore/jobs?content=true,live_jobs,11,200,
Ophelia,ophelia,https://ophelia.com,https://www.ycombinator.com/companies/ophelia,greenhouse,https://ophelia.com/,ophelia,https://job-boards.greenhouse.io/ophelia,https://boards-api.greenhouse.io/v1/boards/ophelia/jobs?content=true,live_jobs,18,200,
Origami,origami-2,https://origami.chat/,https://www.ycombinator.com/companies/origami-2,greenhouse,https://origami.chat/,,,,unresolved_board_token,0,200,no_greenhouse_token_found
Output Biosciences,output,https://www.outputbio.com/,https://www.ycombinator.com/companies/output,ashby,https://outputbio.com/jobs,output,https://jobs.ashbyhq.com/output,https://api.ashbyhq.com/posting-api/job-board/output?includeCompensation=true,live_jobs,6,200,
Overview,overview,https://overview.ai,https://www.ycombinator.com/companies/overview,ashby,https://www.overview.ai/company/careers/,overview,https://jobs.ashbyhq.com/overview,https://api.ashbyhq.com/posting-api/job-board/overview?includeCompensation=true,live_jobs,35,200,
Pair Team,pair-team,https://pairteam.com/,https://www.ycombinator.com/companies/pair-team,greenhouse,https://pairteam.com/,pairteam,https://job-boards.greenhouse.io/pairteam,https://boards-api.greenhouse.io/v1/boards/pairteam/jobs?content=true,live_jobs,24,200,
Paradigm,paradigm,https://www.paradigmai.com/,https://www.ycombinator.com/companies/paradigm,ashby,https://www.paradigmai.com/careers,paradigmai,https://jobs.ashbyhq.com/paradigmai,https://api.ashbyhq.com/posting-api/job-board/paradigmai?includeCompensation=true,live_jobs,5,200,
Parker,parker,https://www.getparker.com,https://www.ycombinator.com/companies/parker,ashby,https://www.getparker.com/,parker,https://jobs.ashbyhq.com/parker,https://api.ashbyhq.com/posting-api/job-board/parker?includeCompensation=true,live_jobs,13,200,
Pave,pave-2,https://pave.com,https://www.ycombinator.com/companies/pave-2,greenhouse,https://pave.com/company/careers,paveakatroveinformationtechnologies,https://job-boards.greenhouse.io/paveakatroveinformationtechnologies,https://boards-api.greenhouse.io/v1/boards/paveakatroveinformationtechnologies/jobs?content=true,live_jobs,14,200,
People.ai,people-ai,https://people.ai,https://www.ycombinator.com/companies/people-ai,lever,https://www.backstory.ai/about-us/careers,people-ai,https://jobs.lever.co/people-ai,https://api.lever.co/v0/postings/people-ai?mode=json,live_jobs,8,200,
PermitFlow,permitflow,http://www.permitflow.com,https://www.ycombinator.com/companies/permitflow,ashby,https://www.permitflow.com/,permitflow,https://jobs.ashbyhq.com/permitflow,https://api.ashbyhq.com/posting-api/job-board/permitflow?includeCompensation=true,live_jobs,31,200,
PicnicAI,picnicai,https://picnic.ai,https://www.ycombinator.com/companies/picnicai,greenhouse,https://picnic.ai/careers,picnicai,https://job-boards.greenhouse.io/picnicai,https://boards-api.greenhouse.io/v1/boards/picnicai/jobs?content=true,board_reachable_zero_jobs,0,200,
Pine Park Health,pine-park-health,http://pineparkhealth.com,https://www.ycombinator.com/companies/pine-park-health,greenhouse,https://www.pineparkhealth.com/careers,pineparkhealth,https://job-boards.greenhouse.io/pineparkhealth,https://boards-api.greenhouse.io/v1/boards/pineparkhealth/jobs?content=true,live_jobs,17,200,
Pirros,pirros,http://pirros.com,https://www.ycombinator.com/companies/pirros,ashby,https://www.pirros.com/,pirros,https://jobs.ashbyhq.com/pirros,https://api.ashbyhq.com/posting-api/job-board/pirros?includeCompensation=true,live_jobs,4,200,
Pivot Robotics,pivot-robotics,https://pivotrobotics.com,https://www.ycombinator.com/companies/pivot-robotics,ashby,https://www.pivotrobotics.com/company/careers/,pivotrobotics,https://jobs.ashbyhq.com/pivotrobotics,https://api.ashbyhq.com/posting-api/job-board/pivotrobotics?includeCompensation=true,live_jobs,2,200,
Podium,podium,https://podium.com,https://www.ycombinator.com/companies/podium,greenhouse,https://www.podium.com/careers,podium81,https://job-boards.greenhouse.io/podium81,https://boards-api.greenhouse.io/v1/boards/podium81/jobs?content=true,live_jobs,57,200,
Polymath,polymath,https://polymathlabs.ai/,https://www.ycombinator.com/companies/polymath,ashby,https://polymathlabs.ai/careers,polymath,https://jobs.ashbyhq.com/polymath,https://api.ashbyhq.com/posting-api/job-board/polymath?includeCompensation=true,live_jobs,5,200,
Popl,popl,https://popl.co/,https://www.ycombinator.com/companies/popl,ashby,https://popl.co/,popl,https://jobs.ashbyhq.com/popl,https://api.ashbyhq.com/posting-api/job-board/popl?includeCompensation=true,live_jobs,8,200,
Postscript,postscript,https://postscript.io,https://www.ycombinator.com/companies/postscript,greenhouse,https://postscript.io/careers,postscript,https://job-boards.greenhouse.io/postscript,https://boards-api.greenhouse.io/v1/boards/postscript/jobs?content=true,live_jobs,6,200,
Probably Genetic,probably-genetic,https://www.probablygenetic.com/,https://www.ycombinator.com/companies/probably-genetic,ashby,https://careersatprobablygenetic.netlify.app/,probablygenetic,https://jobs.ashbyhq.com/probablygenetic,https://api.ashbyhq.com/posting-api/job-board/probablygenetic?includeCompensation=true,live_jobs,6,200,
Prodigal,prodigal,https://prodigaltech.com/,https://www.ycombinator.com/companies/prodigal,greenhouse,https://www.prodigaltech.com/careers,prodigal,https://job-boards.greenhouse.io/prodigal,https://boards-api.greenhouse.io/v1/boards/prodigal/jobs?content=true,live_jobs,13,200,
Promise,promise,http://promise-pay.com,https://www.ycombinator.com/companies/promise,ashby,https://www.promise-pay.com/careers,Promise,https://jobs.ashbyhq.com/Promise,https://api.ashbyhq.com/posting-api/job-board/Promise?includeCompensation=true,live_jobs,24,200,
Prosper,prosper,https://www.getprosper.ai?utm_source=yc&utm_medium=directory&utm_campaign=yc_directory,https://www.ycombinator.com/companies/prosper,ashby,https://www.getprosper.ai/careers,prosper-ai,https://jobs.ashbyhq.com/prosper-ai,https://api.ashbyhq.com/posting-api/job-board/prosper-ai?includeCompensation=true,live_jobs,10,200,
Prox,prox,https://useprox.com,https://www.ycombinator.com/companies/prox,ashby,https://useprox.com/careers,prox,https://jobs.ashbyhq.com/prox,https://api.ashbyhq.com/posting-api/job-board/prox?includeCompensation=true,live_jobs,3,200,
Pulse,pulse-3,https://www.runpulse.com/,https://www.ycombinator.com/companies/pulse-3,ashby,https://www.runpulse.com/careers,pulse,https://jobs.ashbyhq.com/pulse,https://api.ashbyhq.com/posting-api/job-board/pulse?includeCompensation=true,live_jobs,10,200,
Pump.co,pump-co,https://www.pump.co/,https://www.ycombinator.com/companies/pump-co,greenhouse,https://www.pump.co/why,pumpcareers,https://job-boards.greenhouse.io/pumpcareers,https://boards-api.greenhouse.io/v1/boards/pumpcareers/jobs?content=true,live_jobs,14,200,
Pylon,pylon-2,https://usepylon.com/?utm_source=bookface&utm_medium=referral&utm_campaign=pylon-profile,https://www.ycombinator.com/companies/pylon-2,ashby,https://www.usepylon.com/?utm_source=bookface&utm_medium=referral&utm_campaign=pylon-profile,pylon-labs,https://jobs.ashbyhq.com/pylon-labs,https://api.ashbyhq.com/posting-api/job-board/pylon-labs?includeCompensation=true,live_jobs,51,200,
Quartzy,quartzy,https://www.quartzy.com,https://www.ycombinator.com/companies/quartzy,lever,https://www.quartzy.com/careers,quartzy,https://jobs.lever.co/quartzy,https://api.lever.co/v0/postings/quartzy?mode=json,live_jobs,3,200,
Quindar,quindar,https://www.quindar.space,https://www.ycombinator.com/companies/quindar,ashby,https://quindar.space/,quindar,https://jobs.ashbyhq.com/quindar,https://api.ashbyhq.com/posting-api/job-board/quindar?includeCompensation=true,live_jobs,10,200,
Qventus,qventus,http://qventus.com,https://www.ycombinator.com/companies/qventus,greenhouse,https://www.qventus.com:443/,qventus,https://job-boards.greenhouse.io/qventus,https://boards-api.greenhouse.io/v1/boards/qventus/jobs?content=true,live_jobs,19,200,
RADAR,radar,https://goradar.com,https://www.ycombinator.com/companies/radar,greenhouse,https://goradar.com/jobs/,radar,https://job-boards.greenhouse.io/radar,https://boards-api.greenhouse.io/v1/boards/radar/jobs?content=true,live_jobs,23,200,
Rally UXR,rally-uxr,https://www.rallyuxr.com/,https://www.ycombinator.com/companies/rally-uxr,ashby,https://www.rallyuxr.com/careers,rallyuxr,https://jobs.ashbyhq.com/rallyuxr,https://api.ashbyhq.com/posting-api/job-board/rallyuxr?includeCompensation=true,live_jobs,7,200,
Reacher,reacher,https://reacherapp.com/,https://www.ycombinator.com/companies/reacher,ashby,https://www.reacherapp.com/,reacher,https://jobs.ashbyhq.com/reacher,https://api.ashbyhq.com/posting-api/job-board/reacher?includeCompensation=true,live_jobs,10,200,
Recall.ai,recall-ai,https://www.recall.ai,https://www.ycombinator.com/companies/recall-ai,ashby,https://www.recall.ai/,,,,unresolved_board_token,0,200,no_ashby_org_found
Recidiviz,recidiviz,https://www.recidiviz.org/,https://www.ycombinator.com/companies/recidiviz,greenhouse,https://www.recidiviz.org/careers,recidiviz,https://job-boards.greenhouse.io/recidiviz,https://boards-api.greenhouse.io/v1/boards/recidiviz/jobs?content=true,live_jobs,9,200,
Relace,relace,https://relace.ai,https://www.ycombinator.com/companies/relace,ashby,https://relace.ai/about-us,relace,https://jobs.ashbyhq.com/relace,https://api.ashbyhq.com/posting-api/job-board/relace?includeCompensation=true,live_jobs,6,200,
Relativity Space,relativity-space,http://relativityspace.com,https://www.ycombinator.com/companies/relativity-space,greenhouse,https://www.relativityspace.com/darkmatterlab,relativity,https://job-boards.greenhouse.io/relativity,https://boards-api.greenhouse.io/v1/boards/relativity/jobs?content=true,live_jobs,295,200,
Rescale,rescale,https://rescale.com,https://www.ycombinator.com/companies/rescale,lever,https://rescale.com/company/careers/,,,,endpoint_error,0,404,http_404
Retell AI,retell-ai,https://retellai.com,https://www.ycombinator.com/companies/retell-ai,ashby,https://www.retellai.com/careers,retell-ai,https://jobs.ashbyhq.com/retell-ai,https://api.ashbyhq.com/posting-api/job-board/retell-ai?includeCompensation=true,live_jobs,23,200,
RevenueCat,revenuecat,https://www.revenuecat.com/,https://www.ycombinator.com/companies/revenuecat,ashby,https://www.revenuecat.com/pricing,revenuecat,https://jobs.ashbyhq.com/revenuecat,https://api.ashbyhq.com/posting-api/job-board/revenuecat?includeCompensation=true,live_jobs,26,200,
Roboflow,roboflow,https://roboflow.com,https://www.ycombinator.com/companies/roboflow,ashby,https://roboflow.com/careers,roboflow,https://jobs.ashbyhq.com/roboflow,https://api.ashbyhq.com/posting-api/job-board/roboflow?includeCompensation=true,live_jobs,25,200,
Rollstack,rollstack-2,https://www.rollstack.com,https://www.ycombinator.com/companies/rollstack-2,ashby,https://www.rollstack.com/careers,rollstack,https://jobs.ashbyhq.com/rollstack,https://api.ashbyhq.com/posting-api/job-board/rollstack?includeCompensation=true,live_jobs,3,200,
Ryvn,ryvn,https://ryvn.ai,https://www.ycombinator.com/companies/ryvn,ashby,https://ryvn.ai/careers,ryvn,https://jobs.ashbyhq.com/ryvn,https://api.ashbyhq.com/posting-api/job-board/ryvn?includeCompensation=true,live_jobs,1,200,
SafetyKit,safetykit,https://www.safetykit.com/,https://www.ycombinator.com/companies/safetykit,ashby,https://www.safetykit.com/jobs,safetykit,https://jobs.ashbyhq.com/safetykit,https://api.ashbyhq.com/posting-api/job-board/safetykit?includeCompensation=true,live_jobs,9,200,
SalesPatriot,salespatriot,https://www.salespatriot.com/,https://www.ycombinator.com/companies/salespatriot,ashby,https://salespatriot.com/careers,SalesPatriot,https://jobs.ashbyhq.com/SalesPatriot,https://api.ashbyhq.com/posting-api/job-board/SalesPatriot?includeCompensation=true,live_jobs,3,200,
Shape (ShapeScale),shape-shapescale,https://shapescale.com,https://www.ycombinator.com/companies/shape-shapescale,greenhouse,https://shapescale.com/careers/,,,,endpoint_error,0,404,http_404
Shepherd,shepherd,https://shepherdinsurance.com,https://www.ycombinator.com/companies/shepherd,ashby,https://www.shepherdinsurance.com/careers,shepherd,https://jobs.ashbyhq.com/shepherd,https://api.ashbyhq.com/posting-api/job-board/shepherd?includeCompensation=true,live_jobs,15,200,
Short Story,short-story,https://shortstorybox.com,https://www.ycombinator.com/companies/short-story,ashby,https://my.shortstorybox.com/careers,ShortStory,https://jobs.ashbyhq.com/ShortStory,https://api.ashbyhq.com/posting-api/job-board/ShortStory?includeCompensation=true,live_jobs,17,200,
Sieve,sieve,https://sievedata.com/,https://www.ycombinator.com/companies/sieve,ashby,https://sieve.ai/careers,sieve,https://jobs.ashbyhq.com/sieve,https://api.ashbyhq.com/posting-api/job-board/sieve?includeCompensation=true,live_jobs,8,200,
Sift,sift,https://sift.com/,https://www.ycombinator.com/companies/sift,ashby,https://sift.com/careers/,sift,https://jobs.ashbyhq.com/sift,https://api.ashbyhq.com/posting-api/job-board/sift?includeCompensation=true,live_jobs,10,200,
SigNoz,signoz,https://signoz.io,https://www.ycombinator.com/companies/signoz,ashby,https://jobs.ashbyhq.com/SigNoz,SigNoz,https://jobs.ashbyhq.com/SigNoz,https://api.ashbyhq.com/posting-api/job-board/SigNoz?includeCompensation=true,live_jobs,14,200,
Sim,sim,https://sim.ai,https://www.ycombinator.com/companies/sim,ashby,https://www.sim.ai:443/,sim,https://jobs.ashbyhq.com/sim,https://api.ashbyhq.com/posting-api/job-board/sim?includeCompensation=true,live_jobs,5,200,
Simple AI,simple-ai,https://www.usesimple.ai,https://www.ycombinator.com/companies/simple-ai,ashby,https://www.usesimple.ai/careers,simple-ai,https://jobs.ashbyhq.com/simple-ai,https://api.ashbyhq.com/posting-api/job-board/simple-ai?includeCompensation=true,live_jobs,8,200,
SimplyInsured,simplyinsured,http://simplyinsured.com,https://www.ycombinator.com/companies/simplyinsured,greenhouse,https://get.simplyinsured.com/careers,si,https://job-boards.greenhouse.io/si,https://boards-api.greenhouse.io/v1/boards/si/jobs?content=true,live_jobs,2,200,
Skyways,skyways,http://skyways.com,https://www.ycombinator.com/companies/skyways,lever,https://www.skyways.com/careers,skyways,https://jobs.lever.co/skyways,https://api.lever.co/v0/postings/skyways?mode=json,live_jobs,20,200,
Slash,slash,https://www.slash.com/,https://www.ycombinator.com/companies/slash,ashby,https://www.slash.com/company/careers,slash-financial,https://jobs.ashbyhq.com/slash-financial,https://api.ashbyhq.com/posting-api/job-board/slash-financial?includeCompensation=true,live_jobs,15,200,
SmartAsset,smartasset,http://smartasset.com,https://www.ycombinator.com/companies/smartasset,greenhouse,https://smartasset.com/careers,smartasset,https://job-boards.greenhouse.io/smartasset,https://boards-api.greenhouse.io/v1/boards/smartasset/jobs?content=true,live_jobs,3,200,
Sola,sola,https://www.sola-solutions.com/,https://www.ycombinator.com/companies/sola,ashby,https://www.sola.ai/,sola,https://jobs.ashbyhq.com/sola,https://api.ashbyhq.com/posting-api/job-board/sola?includeCompensation=true,live_jobs,5,200,
Solidroad,solidroad,https://solidroad.com,https://www.ycombinator.com/companies/solidroad,ashby,https://www.solidroad.com/careers,solidroad,https://jobs.ashbyhq.com/solidroad,https://api.ashbyhq.com/posting-api/job-board/solidroad?includeCompensation=true,live_jobs,8,200,
SPATE,spate,https://www.spate.nyc,https://www.ycombinator.com/companies/spate,workable,https://www.spate.nyc/,spate,https://apply.workable.com/spate/,https://apply.workable.com/api/v3/accounts/spate/jobs,live_jobs,4,200,
Spellbrush,spellbrush,https://spellbrush.com,https://www.ycombinator.com/companies/spellbrush,ashby,https://spellbrush.com/careers,spellbrush,https://jobs.ashbyhq.com/spellbrush,https://api.ashbyhq.com/posting-api/job-board/spellbrush?includeCompensation=true,live_jobs,10,200,
Sphere,sphere,https://www.getsphere.com/,https://www.ycombinator.com/companies/sphere,ashby,https://www.getsphere.com/about-us#roles,Sphere,https://jobs.ashbyhq.com/Sphere,https://api.ashbyhq.com/posting-api/job-board/Sphere?includeCompensation=true,live_jobs,12,200,
Spherecast,spherecast,https://www.spherecast.ai/,https://www.ycombinator.com/companies/spherecast,ashby,https://www.spherecast.ai/,spherecast,https://jobs.ashbyhq.com/spherecast,https://api.ashbyhq.com/posting-api/job-board/spherecast?includeCompensation=true,live_jobs,1,200,
SpruceID,spruceid,https://www.spruceid.com,https://www.ycombinator.com/companies/spruceid,ashby,https://spruceid.com/,spruceid,https://jobs.ashbyhq.com/spruceid,https://api.ashbyhq.com/posting-api/job-board/spruceid?includeCompensation=true,live_jobs,8,200,
Spur,spur,https://www.spurtest.com/,https://www.ycombinator.com/companies/spur,ashby,https://www.spurtest.com/careers,Pear-VC,https://jobs.ashbyhq.com/Pear-VC,https://api.ashbyhq.com/posting-api/job-board/Pear-VC?includeCompensation=true,live_jobs,92,200,
Stepful,stepful,https://www.stepful.com,https://www.ycombinator.com/companies/stepful,ashby,https://www.stepful.com/careers,Stepful,https://jobs.ashbyhq.com/Stepful,https://api.ashbyhq.com/posting-api/job-board/Stepful?includeCompensation=true,live_jobs,27,200,
Strada,strada,https://www.getstrada.com/,https://www.ycombinator.com/companies/strada,ashby,https://www.getstrada.com/customers/first-connect,stradahq,https://jobs.ashbyhq.com/stradahq,https://api.ashbyhq.com/posting-api/job-board/stradahq?includeCompensation=true,live_jobs,3,200,
Suger,suger,https://www.suger.io/,https://www.ycombinator.com/companies/suger,lever,https://www.suger.io/careers/,suger,https://jobs.lever.co/suger,https://api.lever.co/v0/postings/suger?mode=json,live_jobs,8,200,
Sully.ai,sully-ai,https://www.sully.ai,https://www.ycombinator.com/companies/sully-ai,ashby,https://www.sully.ai/labs,sully-ai,https://jobs.ashbyhq.com/sully-ai,https://api.ashbyhq.com/posting-api/job-board/sully-ai?includeCompensation=true,live_jobs,23,200,
Swayable,swayable,http://swayable.com,https://www.ycombinator.com/companies/swayable,greenhouse,https://www.swayable.com/about/#careers,swayable,https://job-boards.greenhouse.io/swayable,https://boards-api.greenhouse.io/v1/boards/swayable/jobs?content=true,live_jobs,14,200,
SwiftSku,swiftsku,https://swiftsku.com,https://www.ycombinator.com/companies/swiftsku,greenhouse,https://www.swiftsku.com/,,,,endpoint_error,0,404,http_404
Tavus,tavus,https://www.tavus.io,https://www.ycombinator.com/companies/tavus,ashby,https://www.tavus.io/careers,tavus,https://jobs.ashbyhq.com/tavus,https://api.ashbyhq.com/posting-api/job-board/tavus?includeCompensation=true,live_jobs,9,200,
Tennr,tennr,https://www.tennr.com,https://www.ycombinator.com/companies/tennr,ashby,https://www.tennr.com/careers,tennr,https://jobs.ashbyhq.com/tennr,https://api.ashbyhq.com/posting-api/job-board/tennr?includeCompensation=true,live_jobs,16,200,
Tint,tint,http://www.tint.ai,https://www.ycombinator.com/companies/tint,greenhouse,https://www.tint.ai/careers,tintai,https://job-boards.greenhouse.io/tintai,https://boards-api.greenhouse.io/v1/boards/tintai/jobs?content=true,board_reachable_zero_jobs,0,200,
Titan,titan,http://www.titan.com,https://www.ycombinator.com/companies/titan,ashby,https://www.titan.com/careers,titan,https://jobs.ashbyhq.com/titan,https://api.ashbyhq.com/posting-api/job-board/titan?includeCompensation=true,live_jobs,12,200,
Topline Pro,topline-pro,https://www.toplinepro.com,https://www.ycombinator.com/companies/topline-pro,ashby,https://www.toplinepro.com/careers,topline-pro,https://jobs.ashbyhq.com/topline-pro,https://api.ashbyhq.com/posting-api/job-board/topline-pro?includeCompensation=true,live_jobs,12,200,
Tovala,tovala,http://www.tovala.com,https://www.ycombinator.com/companies/tovala,lever,https://jobs.lever.co/tovala,tovala,https://jobs.lever.co/tovala,https://api.lever.co/v0/postings/tovala?mode=json,live_jobs,11,200,
TRM Labs,trm-labs,https://trmlabs.com/,https://www.ycombinator.com/companies/trm-labs,greenhouse,https://www.trmlabs.com/careers,,,,endpoint_error,0,404,http_404
Truss,truss,https://trusspayments.com,https://www.ycombinator.com/companies/truss,ashby,https://trusspayments.com/careers,,,,endpoint_error,0,404,http_404
truthsystems,truthsystems,https://www.truthsystems.ai,https://www.ycombinator.com/companies/truthsystems,ashby,https://www.truthsystems.ai/,truthsystems,https://jobs.ashbyhq.com/truthsystems,https://api.ashbyhq.com/posting-api/job-board/truthsystems?includeCompensation=true,live_jobs,4,200,
Tuesday Lab,tuesday-lab,https://www.tuesdaylab.com,https://www.ycombinator.com/companies/tuesday-lab,ashby,https://tuesdaylabs.com/careers,tuesday-labs,https://jobs.ashbyhq.com/tuesday-labs,https://api.ashbyhq.com/posting-api/job-board/tuesday-labs?includeCompensation=true,live_jobs,3,200,
Turion Space,turion-space,https://turionspace.com/,https://www.ycombinator.com/companies/turion-space,ashby,https://turionspace.com/,turion-space,https://jobs.ashbyhq.com/turion-space,https://api.ashbyhq.com/posting-api/job-board/turion-space?includeCompensation=true,live_jobs,21,200,
Two Dots,two-dots,https://www.twodots.com,https://www.ycombinator.com/companies/two-dots,ashby,https://www.twodots.com/about,two-dots,https://jobs.ashbyhq.com/two-dots,https://api.ashbyhq.com/posting-api/job-board/two-dots?includeCompensation=true,live_jobs,7,200,
Uplane,uplane,https://uplane.com,https://www.ycombinator.com/companies/uplane,ashby,https://uplane.com/carrees,uplane,https://jobs.ashbyhq.com/uplane,https://api.ashbyhq.com/posting-api/job-board/uplane?includeCompensation=true,live_jobs,8,200,
Usul,usul,https://www.usul.com,https://www.ycombinator.com/companies/usul,ashby,https://usul.com/sources,usul,https://jobs.ashbyhq.com/usul,https://api.ashbyhq.com/posting-api/job-board/usul?includeCompensation=true,live_jobs,7,200,
Vanta,vanta,https://vanta.com,https://www.ycombinator.com/companies/vanta,ashby,https://www.vanta.com/company/careers,vanta,https://jobs.ashbyhq.com/vanta,https://api.ashbyhq.com/posting-api/job-board/vanta?includeCompensation=true,live_jobs,131,200,
Vapi,vapi,https://vapi.ai,https://www.ycombinator.com/companies/vapi,ashby,https://vapi.ai/careers,vapi,https://jobs.ashbyhq.com/vapi,https://api.ashbyhq.com/posting-api/job-board/vapi?includeCompensation=true,live_jobs,30,200,
Variance,variance,https://www.variance.com/,https://www.ycombinator.com/companies/variance,ashby,https://www.variance.com/careers,intrinsic-safety,https://jobs.ashbyhq.com/intrinsic-safety,https://api.ashbyhq.com/posting-api/job-board/intrinsic-safety?includeCompensation=true,live_jobs,13,200,
VergeSense,vergesense,http://www.vergesense.com,https://www.ycombinator.com/companies/vergesense,lever,https://www.vergesense.com/,vergesense,https://jobs.lever.co/vergesense,https://api.lever.co/v0/postings/vergesense?mode=json,live_jobs,1,200,
Verne Robotics,verne-robotics,https://vernerobotics.com/,https://www.ycombinator.com/companies/verne-robotics,ashby,https://www.vernerobotics.com/company,,,,endpoint_error,0,404,http_404
Vetcove,vetcove,https://www.vetcove.com,https://www.ycombinator.com/companies/vetcove,ashby,https://shop.vetcove.com/careers/,Vetcove,https://jobs.ashbyhq.com/Vetcove,https://api.ashbyhq.com/posting-api/job-board/Vetcove?includeCompensation=true,live_jobs,22,200,
Vitable Health,vitable-health,https://vitablehealth.com,https://www.ycombinator.com/companies/vitable-health,greenhouse,https://www.vitablehealth.com/careers,vitablehealth,https://job-boards.greenhouse.io/vitablehealth,https://boards-api.greenhouse.io/v1/boards/vitablehealth/jobs?content=true,live_jobs,6,200,
Vitalize,vitalize,https://vitalize.care,https://www.ycombinator.com/companies/vitalize,ashby,https://vitalize.care/,vitalize,https://jobs.ashbyhq.com/vitalize,https://api.ashbyhq.com/posting-api/job-board/vitalize?includeCompensation=true,live_jobs,10,200,
"Volta Labs, Inc.",volta-labs-inc,http://voltalabs.com,https://www.ycombinator.com/companies/volta-labs-inc,lever,https://voltalabs.com/careers,voltalabs,https://jobs.lever.co/voltalabs,https://api.lever.co/v0/postings/voltalabs?mode=json,live_jobs,8,200,
Vori,vori,https://www.vori.com,https://www.ycombinator.com/companies/vori,ashby,https://www.vori.com/careers,Vori,https://jobs.ashbyhq.com/Vori,https://api.ashbyhq.com/posting-api/job-board/Vori?includeCompensation=true,live_jobs,10,200,
WarpBuild,warpbuild,https://www.warpbuild.com,https://www.ycombinator.com/companies/warpbuild,ashby,https://www.warpbuild.com/,warpbuild,https://jobs.ashbyhq.com/warpbuild,https://api.ashbyhq.com/posting-api/job-board/warpbuild?includeCompensation=true,live_jobs,1,200,
Weave,weave-3,https://workweave.dev,https://www.ycombinator.com/companies/weave-3,ashby,https://workweave.dev/,workweave,https://jobs.ashbyhq.com/workweave,https://api.ashbyhq.com/posting-api/job-board/workweave?includeCompensation=true,live_jobs,9,200,
Weekend (fmr. Volley),weekend-fmr-volley,https://weekend.com,https://www.ycombinator.com/companies/weekend-fmr-volley,greenhouse,https://www.weekend.com/careers,,,,unresolved_board_token,0,200,no_greenhouse_token_found
Wordware,wordware,https://wordware.ai/,https://www.ycombinator.com/companies/wordware,ashby,https://www.wordware.ai/,sauna.ai,https://jobs.ashbyhq.com/sauna.ai,https://api.ashbyhq.com/posting-api/job-board/sauna.ai?includeCompensation=true,live_jobs,9,200,
Writesonic,writesonic,https://writesonic.com/,https://www.ycombinator.com/companies/writesonic,workable,https://writesonic.com/careers,writesonic,https://apply.workable.com/writesonic/,https://apply.workable.com/api/v3/accounts/writesonic/jobs,live_jobs,16,200,
Zeal,zeal,https://www.zeal.com,https://www.ycombinator.com/companies/zeal,greenhouse,https://www.zeal.com/careers,,,,unresolved_board_token,0,200,no_greenhouse_token_found
Zensors,zensors-inc,https://www.zensors.com,https://www.ycombinator.com/companies/zensors-inc,ashby,https://www.zensors.com/company/careers,Zensors,https://jobs.ashbyhq.com/Zensors,https://api.ashbyhq.com/posting-api/job-board/Zensors?includeCompensation=true,live_jobs,5,200,
Zip,zip,https://ziphq.com/,https://www.ycombinator.com/companies/zip,ashby,https://zip.com/careers,zip,https://jobs.ashbyhq.com/zip,https://api.ashbyhq.com/posting-api/job-board/zip?includeCompensation=true,live_jobs,117,200,
Zuma,resident-boost,https://www.getzuma.com/,https://www.ycombinator.com/companies/resident-boost,lever,https://www.getzuma.com/,getzuma,https://jobs.lever.co/getzuma,https://api.lever.co/v0/postings/getzuma?mode=json,live_jobs,6,200,
