company_slug,company_name,website,yc_directory_url,careers_page,job_source_type,job_source_url,job_source_job_count,job_source_last_verified_at,job_source_notes,board_type,board_url,board_token,board_api_url,board_confirmation_status,resolved_from_url,jd_capture_status,jd_format,jd_extraction_method,jd_extraction_locator,jd_last_verified_at,jd_notes
10x-science,10x Science,https://10xscience.com,https://www.ycombinator.com/companies/10x-science,https://10xscience.com/open-positions/,yc_jobs_page,https://www.ycombinator.com/companies/10x-science/jobs,1,2026-06-08T02:35:48Z,"Company page does not expose a usable public job listing. YC jobs page shows the live role and links to a detailed YC JD page.",,,,,,https://www.ycombinator.com/companies/10x-science/jobs,full_jd_verified,html_detail_page,yc_jobs_list_to_detail_pages,/companies/10x-science/jobs/<job_slug>,2026-06-08T02:35:48Z,"YC detail page exposes About the role content and other JD fields."
a0-dev,a0.dev,https://a0.dev,https://www.ycombinator.com/companies/a0-dev,https://a0.dev/careers,yc_jobs_page,https://www.ycombinator.com/companies/a0-dev/jobs,2,2026-06-08T02:35:48Z,"Company careers page is stale and currently shows one old role. YC jobs page currently shows two live roles and is the better source for daily tracking.",,,,,,https://www.ycombinator.com/companies/a0-dev/jobs,full_jd_verified,html_detail_page,yc_jobs_list_to_detail_pages,/companies/a0-dev/jobs/<job_slug>,2026-06-08T02:35:48Z,"Use the YC company jobs page as the listing source and follow its job-detail links for the full JD."
adam,Adam,https://adam.new/,https://www.ycombinator.com/companies/adam,https://adam.new/careers,yc_jobs_page,https://www.ycombinator.com/companies/adam/jobs,3,2026-06-08T02:35:48Z,"Company page lists the roles but the YC jobs page gives a more standardized surface and stable job detail pages for the full JD.",,,,,,https://www.ycombinator.com/companies/adam/jobs,full_jd_verified,html_detail_page,yc_jobs_list_to_detail_pages,/companies/adam/jobs/<job_slug>,2026-06-08T02:35:48Z,"YC job detail pages expose About the role content. The company page can remain a secondary verification surface."
aden,Aden,https://adenhq.com/,https://www.ycombinator.com/companies/aden,https://adenhq.com/careers,company_careers_page,https://adenhq.com/careers,7,2026-06-08T02:35:48Z,"Company careers page directly lists the roles and exposes detailed sections such as Responsibilities and Qualifications.",,,,,,https://adenhq.com/careers,full_jd_verified,html_same_page,same_page_html_sections,role sections under /careers,2026-06-08T02:35:48Z,"The first-party careers page already contains JD content so it is the preferred source over the YC mirror."
agape,Agapé,https://www.getdailyagape.com,https://www.ycombinator.com/companies/agape,https://www.getdailyagape.com,yc_jobs_page,https://www.ycombinator.com/companies/agape/jobs,1,2026-06-08T02:35:48Z,"Company site does not expose public job listings. YC jobs page shows the live role and links to a detailed YC JD page.",notion,https://www.getdailyagape.com/,,,detected_structured_board,https://www.ycombinator.com/companies/agape/jobs,full_jd_verified,html_detail_page,yc_jobs_list_to_detail_pages,/companies/agape/jobs/<job_slug>,2026-06-08T02:35:48Z,"YC detail page exposes About the role content. The detected Notion surface is not the active public jobs source."
agave,Agave,https://www.useagave.com,https://www.ycombinator.com/companies/agave,https://www.useagave.com/careers,yc_jobs_page,https://www.ycombinator.com/companies/agave/jobs,9,2026-06-08T02:35:48Z,"Company careers page is a hiring landing page but the role-level Apply links go to YC job detail pages. Use YC as the direct JD source.",,,,,,https://www.ycombinator.com/companies/agave/jobs,full_jd_verified,html_detail_page,yc_jobs_list_to_detail_pages,/companies/agave/jobs/<job_slug>,2026-06-08T02:35:48Z,"YC detail pages expose About the role and Requirements sections."
agilemd,AgileMD,https://agilemd.com,https://www.ycombinator.com/companies/agilemd,https://app.dover.com/jobs/agilemd,api_native,https://app.dover.com/feed/v1/boards/agilemd/jobs,1,2026-06-09T01:27:00Z,"Dover exposes a public board feed for this slug. Use the JSON endpoint directly for both job listings and JD HTML.",dover,https://app.dover.com/jobs/agilemd,agilemd,https://app.dover.com/feed/v1/boards/agilemd/jobs,live_jobs,https://app.dover.com/jobs/agilemd,full_jd_verified,html,api_field,jobs[].content,2026-06-09T01:27:00Z,"The public Dover feed returns jobs[].content HTML and apply URLs for AgileMD."
airgoods,Airgoods,https://airgoods.com/,https://www.ycombinator.com/companies/airgoods,https://airgoods.com/,yc_jobs_page,https://www.ycombinator.com/companies/airgoods/jobs,5,2026-06-08T02:35:48Z,"Company page is a JS app without usable public listings in the static response. YC jobs page shows the live roles and links to detailed YC JD pages.",,,,,,https://www.ycombinator.com/companies/airgoods/jobs,full_jd_verified,html_detail_page,yc_jobs_list_to_detail_pages,/companies/airgoods/jobs/<job_slug>,2026-06-08T02:35:48Z,"YC detail pages expose About the role content."
aivideo-com,AIVideo.com,https://aivideo.com,https://www.ycombinator.com/companies/aivideo-com,https://aivideo.com,yc_jobs_page,https://www.ycombinator.com/companies/aivideo-com/jobs,1,2026-06-08T02:35:48Z,"Company page is behind a sign-in flow. YC jobs page shows the live role and links to a detailed YC JD page.",,,,,,https://www.ycombinator.com/companies/aivideo-com/jobs,full_jd_verified,html_detail_page,yc_jobs_list_to_detail_pages,/companies/aivideo-com/jobs/<job_slug>,2026-06-08T02:35:48Z,"YC detail page exposes About the role content."
algolia,Algolia,http://www.algolia.com,https://www.ycombinator.com/companies/algolia,https://www.algolia.com/careers,company_careers_page,https://www.algolia.com/careers,40,2026-06-08T02:35:48Z,"Use the first-party careers page. It embeds a public Algolia search configuration that returns the live roles and full JD HTML.",,,,,,https://www.algolia.com/careers,full_jd_verified,html_search_api,embedded_algolia_search_api,"appId=1QDAWL72TQ;index=PROD_algolia.com-career-page;queryKey=e4a02579f71e679d4bfee18204888df9",2026-06-08T02:35:48Z,"The careers page embeds a public search config. Querying the index returns the job title metadata and JD HTML in the content field."
andy-ai,Andy AI,https://with-andy.com,https://www.ycombinator.com/companies/andy-ai,https://with-andy.com/careers,yc_jobs_page,https://www.ycombinator.com/companies/andy-ai/jobs,2,2026-06-08T03:02:00Z,"Company careers page lists role titles but links out to YC for the actual job pages. Use YC so the job list and JD come from one surface.",,,,,,https://with-andy.com/careers,full_jd_verified,html_detail_page,yc_jobs_list_to_detail_pages,/companies/andy-ai/jobs/<job_slug>,2026-06-08T03:02:00Z,"YC detail pages expose About the role content."
anglera,Anglera,https://www.anglera.com/,https://www.ycombinator.com/companies/anglera,https://www.anglera.com/jobs,yc_jobs_page,https://www.ycombinator.com/companies/anglera/jobs,2,2026-06-08T03:02:00Z,"Company jobs page is a marketing surface with a View Open Roles link to YC. Use YC as the direct JD source.",,,,,,https://www.anglera.com/jobs,full_jd_verified,html_detail_page,yc_jobs_list_to_detail_pages,/companies/anglera/jobs/<job_slug>,2026-06-08T03:02:00Z,"YC detail pages expose About the role content."
apero-health,Apero Health,https://www.aperohealth.com,https://www.ycombinator.com/companies/apero-health,https://www.aperohealth.com/,yc_jobs_page,https://www.ycombinator.com/companies/apero-health/jobs,3,2026-06-08T03:02:00Z,"The company site links to YC jobs but does not expose a dedicated careers page with JD content. Use YC for the live roles and JD detail pages.",,,,,,https://www.aperohealth.com/,full_jd_verified,html_detail_page,yc_jobs_list_to_detail_pages,/companies/apero-health/jobs/<job_slug>,2026-06-08T03:02:00Z,"YC detail pages expose About the role content."
apollo-io,Apollo.io,https://www.apollo.io/,https://www.ycombinator.com/companies/apollo-io,https://www.apollo.io/careers,yc_jobs_page,https://www.ycombinator.com/companies/apollo-io/jobs,3,2026-06-08T03:02:00Z,"Company careers page is a hiring brand page but does not expose JD-rich role content in the static HTML. YC gives live role listings and detail pages.",,,,,,https://www.apollo.io/careers,full_jd_verified,html_detail_page,yc_jobs_list_to_detail_pages,/companies/apollo-io/jobs/<job_slug>,2026-06-08T03:02:00Z,"YC detail pages expose About the role content."
aptdeco,AptDeco,https://www.aptdeco.com/,https://www.ycombinator.com/companies/aptdeco,https://www.aptdeco.com/careers,yc_jobs_page,https://www.ycombinator.com/companies/aptdeco/jobs,3,2026-06-08T03:02:00Z,"Company careers page links to Gem apply pages but the static HTML does not expose the JD. YC is the easier deterministic JD source.",,,,,,https://www.aptdeco.com/careers,full_jd_verified,html_detail_page,yc_jobs_list_to_detail_pages,/companies/aptdeco/jobs/<job_slug>,2026-06-08T03:02:00Z,"YC detail pages expose About the role and Qualifications sections."
arc-prize-foundation,ARC Prize Foundation,https://arcprize.org/,https://www.ycombinator.com/companies/arc-prize-foundation,https://arcprize.org/jobs,company_careers_page,https://arcprize.org/jobs,2,2026-06-08T03:02:00Z,"The company jobs page itself contains full role descriptions with What You'll Do and What We're Looking For sections.",,,,,,https://arcprize.org/jobs,full_jd_verified,html_same_page,same_page_html_sections,open roles section under /jobs,2026-06-08T03:02:00Z,"The first-party jobs page exposes role-level JD text on the same page."
arlo-industries,Arlo Industries,https://arlo1.com/,https://www.ycombinator.com/companies/arlo-industries,https://arlo1.com/careers,yc_jobs_page,https://www.ycombinator.com/companies/arlo-industries/jobs,2,2026-06-08T03:02:00Z,"The company careers page is effectively empty in the static response. YC provides the live roles and JD detail pages.",,,,,,https://arlo1.com/careers,full_jd_verified,html_detail_page,yc_jobs_list_to_detail_pages,/companies/arlo-industries/jobs/<job_slug>,2026-06-08T03:02:00Z,"YC detail pages expose About the role content."
arnata,arnata,https://arnata.com,https://www.ycombinator.com/companies/arnata,https://arnata.com,yc_jobs_page,https://www.ycombinator.com/companies/arnata/jobs,9,2026-06-08T03:02:00Z,"The company site points careers traffic to YC. Use the YC jobs page because it carries both the listing set and the JD detail pages.",,,,,,https://arnata.com,full_jd_verified,html_detail_page,yc_jobs_list_to_detail_pages,/companies/arnata/jobs/<job_slug>,2026-06-08T03:02:00Z,"YC detail pages expose About the role content."
arpari,Arpari,https://www.arpari.com,https://www.ycombinator.com/companies/arpari,https://www.arpari.com,yc_jobs_page,https://www.ycombinator.com/companies/arpari/jobs,3,2026-06-08T03:02:00Z,"The company site points careers traffic to YC. Use the YC jobs page because it provides the live roles and full JD detail pages.",,,,,,https://www.arpari.com,full_jd_verified,html_detail_page,yc_jobs_list_to_detail_pages,/companies/arpari/jobs/<job_slug>,2026-06-08T03:02:00Z,"YC detail pages expose About the role and Responsibilities sections."
artifact-2,Artifact,https://www.artifact.engineer/,https://www.ycombinator.com/companies/artifact-2,https://www.artifact.engineer/careers,company_careers_page,https://www.artifact.engineer/careers,3,2026-06-08T03:02:00Z,"The company careers page contains full role descriptions on the same page and does not require a second surface for JD extraction.",,,,,,https://www.artifact.engineer/careers,full_jd_verified,html_same_page,same_page_html_sections,open roles section under /careers,2026-06-08T03:02:00Z,"The first-party careers page exposes role-level JD text on the same page."
artisan,Artisan,https://www.artisan.co/?utm_source=ycombinator,https://www.ycombinator.com/companies/artisan,https://www.artisan.co/careers,yc_jobs_page,https://www.ycombinator.com/companies/artisan/jobs,11,2026-06-09T01:00:31Z,"The company careers page is mostly a hiring brand page and does not expose a deterministic static role listing. YC currently exposes the live roles and JD detail pages.",,,,,,https://www.artisan.co/careers,full_jd_verified,html_detail_page,yc_jobs_list_to_detail_pages,/companies/artisan/jobs/<job_slug>,2026-06-09T01:00:31Z,"YC detail pages expose the role overview and JD sections."
assembly-com,Assembly,https://www.assembly.com,https://www.ycombinator.com/companies/assembly-com,https://assembly.com/jobs,company_careers_page,https://assembly.com/jobs,3,2026-06-09T01:00:31Z,"The first-party jobs page lists the live roles and each role links to a same-domain detail page with usable JD content.",,,,,,https://assembly.com/jobs,full_jd_verified,html_detail_page,company_jobs_list_to_detail_pages,/jobs/<job_slug>,2026-06-09T01:00:31Z,"Assembly job detail pages expose the role description and hiring context on the company domain."
asteroid,Asteroid,https://asteroid.ai,https://www.ycombinator.com/companies/asteroid,https://asteroid.ai/careers/,company_careers_page,https://asteroid.ai/careers/,3,2026-06-09T01:00:31Z,"The first-party careers page lists the open roles and links to same-domain role pages with full JD content.",,,,,,https://asteroid.ai/careers/,full_jd_verified,html_detail_page,company_jobs_list_to_detail_pages,/careers/<job_slug>,2026-06-09T01:00:31Z,"Asteroid role detail pages expose the job description on the company domain."
astroforge,AstroForge,https://www.astroforge.io/,https://www.ycombinator.com/companies/astroforge,https://www.astroforge.com/careers,yc_jobs_page,https://www.ycombinator.com/companies/astroforge/jobs,2,2026-06-09T01:00:31Z,"The company careers page is a hiring landing page in static HTML and does not expose deterministic role listings or JD text. YC provides the live roles and JD detail pages.",,,,,,https://www.astroforge.com/careers,full_jd_verified,html_detail_page,yc_jobs_list_to_detail_pages,/companies/astroforge/jobs/<job_slug>,2026-06-09T01:00:31Z,"YC detail pages expose the role content for the live openings."
atomic-industries,Atomic Industries,http://atomic.industries,https://www.ycombinator.com/companies/atomic-industries,https://atomic.industries/open-positions/,yc_jobs_page,https://www.ycombinator.com/companies/atomic-industries/jobs,9,2026-06-09T01:00:31Z,"The company site does not expose a usable static job list or JD content. YC currently provides the live role set and detailed JD pages.",,,,,,https://atomic.industries/open-positions/,full_jd_verified,html_detail_page,yc_jobs_list_to_detail_pages,/companies/atomic-industries/jobs/<job_slug>,2026-06-09T01:00:31Z,"YC detail pages expose the role overview and JD sections."
autosana,Autosana,https://autosana.ai,https://www.ycombinator.com/companies/autosana,https://autosana.ai/login?next=%2Fopen-positions%2F,yc_jobs_page,https://www.ycombinator.com/companies/autosana/jobs,1,2026-06-09T01:00:31Z,"The company careers URL currently resolves to a login wall. YC provides the public role listing and JD detail page.",,,,,,https://autosana.ai/login?next=%2Fopen-positions%2F,full_jd_verified,html_detail_page,yc_jobs_list_to_detail_pages,/companies/autosana/jobs/<job_slug>,2026-06-09T01:00:31Z,"YC detail page exposes the role content publicly."
avent,Avent,https://www.aventindustrial.com,https://www.ycombinator.com/companies/avent,https://www.aventindustrial.com/careers,yc_jobs_page,https://www.ycombinator.com/companies/avent/jobs,3,2026-06-09T01:00:31Z,"The company careers page is an interest form and does not expose role-level JD content. YC provides the live roles and JD detail pages.",,,,,,https://www.aventindustrial.com/careers,full_jd_verified,html_detail_page,yc_jobs_list_to_detail_pages,/companies/avent/jobs/<job_slug>,2026-06-09T01:00:31Z,"YC detail pages expose the role content for the live openings."
averyiq,AveryIQ,https://averyiq.com,https://www.ycombinator.com/companies/averyiq,https://averyiq.com/careers,yc_jobs_page,https://www.ycombinator.com/companies/averyiq/jobs,2,2026-06-09T01:00:31Z,"The company careers page is a hiring brand page with a generic apply flow rather than deterministic public JD pages. YC is the cleaner source for live roles and JD detail pages.",,,,,,https://averyiq.com/careers,full_jd_verified,html_detail_page,yc_jobs_list_to_detail_pages,/companies/averyiq/jobs/<job_slug>,2026-06-09T01:00:31Z,"YC detail pages expose the role content publicly."
avoca,Avoca,https://www.avoca.ai/,https://www.ycombinator.com/companies/avoca,https://www.avoca.ai/careers#open-roles,yc_jobs_page,https://www.ycombinator.com/companies/avoca/jobs,1,2026-06-09T01:00:31Z,"The company careers page is primarily a marketing page and does not expose deterministic static role detail pages. YC provides the public role listing and JD detail page.",,,,,,https://www.avoca.ai/careers#open-roles,full_jd_verified,html_detail_page,yc_jobs_list_to_detail_pages,/companies/avoca/jobs/<job_slug>,2026-06-09T01:00:31Z,"YC detail page exposes the role content publicly."
avora,Avora,https://www.getavora.ai,https://www.ycombinator.com/companies/avora,https://careers.getavora.ai/,yc_jobs_page,https://www.ycombinator.com/companies/avora/jobs,2,2026-06-09T01:00:31Z,"The company careers page is a Notion JS shell in static HTML, so it is not a reliable deterministic JD source without browser rendering. YC provides the live roles and JD detail pages.",,,,,,https://careers.getavora.ai/,full_jd_verified,html_detail_page,yc_jobs_list_to_detail_pages,/companies/avora/jobs/<job_slug>,2026-06-09T01:00:31Z,"YC detail pages expose the role content publicly."
axle,Axle,https://axle.insure,https://www.ycombinator.com/companies/axle,https://axle.insure,yc_jobs_page,https://www.ycombinator.com/companies/axle/jobs,16,2026-06-09T02:20:00Z,Company pages do not expose a usable static job list or JD content. YC currently provides the live roles and detailed JD pages.,,,,,,https://axle.insure,full_jd_verified,html_detail_page,yc_jobs_list_to_detail_pages,/companies/axle/jobs/<job_slug>,2026-06-09T02:20:00Z,YC detail pages expose the role content publicly.
azalea-robotics-corporation,Azalea Robotics Corporation,https://azalearobotics.com/,https://www.ycombinator.com/companies/azalea-robotics-corporation,https://app.dover.com/jobs/azalearobotics,api_native,https://app.dover.com/feed/v1/boards/azalearobotics/jobs,2,2026-06-09T02:20:00Z,The company routes hiring traffic to a Dover board. The public Dover feed returns the live roles and full JD HTML.,dover,https://app.dover.com/jobs/azalearobotics,azalearobotics,https://app.dover.com/feed/v1/boards/azalearobotics/jobs,live_jobs,https://app.dover.com/jobs/azalearobotics,full_jd_verified,html,api_field,jobs[].content,2026-06-09T02:20:00Z,Dover feed exposes the role data and JD HTML in jobs[].content.
banner,Banner,https://withbanner.com,https://www.ycombinator.com/companies/banner,https://withbanner.com/open-positions/,yc_jobs_page,https://www.ycombinator.com/companies/banner/jobs,6,2026-06-09T02:20:00Z,The company site does not expose deterministic role pages or JD content in static HTML. YC provides the live roles and JD detail pages.,,,,,,https://withbanner.com/open-positions/,full_jd_verified,html_detail_page,yc_jobs_list_to_detail_pages,/companies/banner/jobs/<job_slug>,2026-06-09T02:20:00Z,YC detail pages expose the role content publicly.
baud-labs,Baud Labs,https://baudlabs.ai,https://www.ycombinator.com/companies/baud-labs,https://baudlabs.ai,yc_jobs_page,https://www.ycombinator.com/companies/baud-labs/jobs,2,2026-06-09T02:20:00Z,The company site links straight to YC role pages rather than hosting its own deterministic JD pages. YC is the direct source for live roles and JD details.,,,,,,https://baudlabs.ai,full_jd_verified,html_detail_page,yc_jobs_list_to_detail_pages,/companies/baud-labs/jobs/<job_slug>,2026-06-09T02:20:00Z,YC detail page exposes the role content publicly.
bayesline,Bayesline,https://bayesline.com,https://www.ycombinator.com/companies/bayesline,https://bayesline.com/open-positions/,yc_jobs_page,https://www.ycombinator.com/companies/bayesline/jobs,2,2026-06-09T02:20:00Z,The company site does not expose a usable public jobs surface with JD content. YC provides the live role and JD detail page.,,,,,,https://bayesline.com/open-positions/,full_jd_verified,html_detail_page,yc_jobs_list_to_detail_pages,/companies/bayesline/jobs/<job_slug>,2026-06-09T02:20:00Z,YC detail page exposes the role content publicly.
beam,Beam,https://beam.cloud,https://www.ycombinator.com/companies/beam,https://beam.cloud,yc_jobs_page,https://www.ycombinator.com/companies/beam/jobs,8,2026-06-09T02:20:00Z,The company site points hiring traffic to YC rather than exposing deterministic static role pages. YC provides the live roles and JD detail pages.,,,,,,https://beam.cloud,full_jd_verified,html_detail_page,yc_jobs_list_to_detail_pages,/companies/beam/jobs/<job_slug>,2026-06-09T02:20:00Z,YC detail pages expose the role content publicly.
berry,Berry,https://berryai.com/,https://www.ycombinator.com/companies/berry,https://berryai.com/,yc_jobs_page,https://www.ycombinator.com/companies/berry/jobs,2,2026-06-09T02:20:00Z,The company site routes hiring traffic to YC and the first-party page is not a deterministic JD source. YC provides the public role listing and JD detail page.,,,,,,https://berryai.com/,full_jd_verified,html_detail_page,yc_jobs_list_to_detail_pages,/companies/berry/jobs/<job_slug>,2026-06-09T02:20:00Z,YC detail page exposes the role content publicly.
besimple-ai,Besimple AI,https://besimple.ai,https://www.ycombinator.com/companies/besimple-ai,https://besimple.ai/open-positions/,yc_jobs_page,https://www.ycombinator.com/companies/besimple-ai/jobs,6,2026-06-09T02:20:00Z,The company site does not expose a usable public jobs surface with JD content. YC provides the live roles and JD detail pages.,,,,,,https://besimple.ai/open-positions/,full_jd_verified,html_detail_page,yc_jobs_list_to_detail_pages,/companies/besimple-ai/jobs/<job_slug>,2026-06-09T02:20:00Z,YC detail pages expose the role content publicly.
blank-bio,Blank Bio,http://blank.bio/,https://www.ycombinator.com/companies/blank-bio,http://blank.bio/,yc_jobs_page,https://www.ycombinator.com/companies/blank-bio/jobs,8,2026-06-09T02:20:00Z,The company site routes hiring traffic to YC rather than exposing deterministic static role pages. YC provides the live roles and JD detail pages.,,,,,,http://blank.bio/,full_jd_verified,html_detail_page,yc_jobs_list_to_detail_pages,/companies/blank-bio/jobs/<job_slug>,2026-06-09T02:20:00Z,YC detail pages expose the role content publicly.
trybloom,Bloom,https://trybloom.ai,https://www.ycombinator.com/companies/trybloom,https://www.trybloom.ai/careers/,company_careers_page,https://www.trybloom.ai/careers/,2,2026-06-09T02:20:00Z,The first-party careers page lists the live roles and links to same-domain role pages with full JD content.,,,,,,https://www.trybloom.ai/careers/,full_jd_verified,html_detail_page,company_jobs_list_to_detail_pages,/careers/<job_slug>,2026-06-09T02:20:00Z,Bloom role detail pages expose the job description on the company domain.
bluejay,Bluejay,https://getbluejay.ai/,https://www.ycombinator.com/companies/bluejay,https://getbluejay.ai/,yc_jobs_page,https://www.ycombinator.com/companies/bluejay/jobs,8,2026-06-09T02:20:00Z,The company site does not expose deterministic public role pages with JD content. YC provides the live roles and JD detail pages.,,,,,,https://getbluejay.ai/,full_jd_verified,html_detail_page,yc_jobs_list_to_detail_pages,/companies/bluejay/jobs/<job_slug>,2026-06-09T02:20:00Z,YC detail pages expose the role content publicly.
boldvoice,BoldVoice,https://boldvoice.com,https://www.ycombinator.com/companies/boldvoice,https://boldvoice.com/,yc_jobs_page,https://www.ycombinator.com/companies/boldvoice/jobs,10,2026-06-09T02:20:00Z,"The company careers surface is a Notion JS shell in static HTML, so it is not a reliable deterministic JD source without browser rendering. YC provides the live roles and JD detail pages.",,,,,,https://boldvoice.com/,full_jd_verified,html_detail_page,yc_jobs_list_to_detail_pages,/companies/boldvoice/jobs/<job_slug>,2026-06-09T02:20:00Z,YC detail pages expose the role content publicly.
boundary,Boundary,https://www.boundaryml.com,https://www.ycombinator.com/companies/boundary,https://boundaryml.com/,yc_jobs_page,https://www.ycombinator.com/companies/boundary/jobs,2,2026-06-09T02:20:00Z,The company site does not expose a deterministic first-party JD surface in static HTML. YC provides the live role and JD detail page.,,,,,,https://boundaryml.com/,full_jd_verified,html_detail_page,yc_jobs_list_to_detail_pages,/companies/boundary/jobs/<job_slug>,2026-06-09T02:20:00Z,YC detail page exposes the role content publicly.
brainbase-labs,Brainbase Labs,https://brainbaselabs.com,https://www.ycombinator.com/companies/brainbase-labs,https://brainbaselabs.com/open-positions/,yc_jobs_page,https://www.ycombinator.com/companies/brainbase-labs/jobs,4,2026-06-09T02:20:00Z,The company site does not expose a usable public jobs surface with JD content. YC provides the live roles and JD detail pages.,,,,,,https://brainbaselabs.com/open-positions/,full_jd_verified,html_detail_page,yc_jobs_list_to_detail_pages,/companies/brainbase-labs/jobs/<job_slug>,2026-06-09T02:20:00Z,YC detail pages expose the role content publicly.
broccoli-ai,Broccoli AI,https://www.broccoli.com/,https://www.ycombinator.com/companies/broccoli-ai,https://www.broccoli.com/careers,yc_jobs_page,https://www.ycombinator.com/companies/broccoli-ai/jobs,16,2026-06-09T02:20:00Z,The company careers page is a marketing surface and does not expose deterministic role detail pages in static HTML. YC provides the live roles and JD detail pages.,,,,,,https://www.broccoli.com/careers,full_jd_verified,html_detail_page,yc_jobs_list_to_detail_pages,/companies/broccoli-ai/jobs/<job_slug>,2026-06-09T02:20:00Z,YC detail pages expose the role content publicly.
browser-use,Browser Use,https://browser-use.com,https://www.ycombinator.com/companies/browser-use,https://browser-use.com/careers,yc_jobs_page,https://www.ycombinator.com/companies/browser-use/jobs,6,2026-06-09T02:20:00Z,The company careers page does not expose deterministic public role detail pages in static HTML. YC provides the live roles and JD detail pages.,,,,,,https://browser-use.com/careers,full_jd_verified,html_detail_page,yc_jobs_list_to_detail_pages,/companies/browser-use/jobs/<job_slug>,2026-06-09T02:20:00Z,YC detail pages expose the role content publicly.
bucket-robotics,Bucket Robotics,https://bucket.bot,https://www.ycombinator.com/companies/bucket-robotics,https://www.bucket.bot/open-positions/,yc_jobs_page,https://www.ycombinator.com/companies/bucket-robotics/jobs,6,2026-06-09T02:20:00Z,The company site does not expose a usable public jobs surface with JD content. YC provides the live roles and JD detail pages.,,,,,,https://www.bucket.bot/open-positions/,full_jd_verified,html_detail_page,yc_jobs_list_to_detail_pages,/companies/bucket-robotics/jobs/<job_slug>,2026-06-09T02:20:00Z,YC detail pages expose the role content publicly.
burnt,burnt,https://getburnt.ai/,https://www.ycombinator.com/companies/burnt,https://www.getburnt.ai/careers,yc_jobs_page,https://www.ycombinator.com/companies/burnt/jobs,2,2026-06-09T02:20:00Z,The company careers page links to Gem apply pages but the static HTML does not expose the JD. YC is the cleaner deterministic JD source.,,,,,,https://www.getburnt.ai/careers,full_jd_verified,html_detail_page,yc_jobs_list_to_detail_pages,/companies/burnt/jobs/<job_slug>,2026-06-09T02:20:00Z,YC detail page exposes the role content publicly.
canix,Canix,https://www.canix.com/,https://www.ycombinator.com/companies/canix,https://app.trinethire.com/companies/170847-canix/jobs,yc_jobs_page,https://www.ycombinator.com/companies/canix/jobs,2,2026-06-09T02:20:00Z,The first-party hiring board currently shows no openings while YC still exposes the live role and JD detail page. Use YC as the active source.,,,,,,https://app.trinethire.com/companies/170847-canix/jobs,full_jd_verified,html_detail_page,yc_jobs_list_to_detail_pages,/companies/canix/jobs/<job_slug>,2026-06-09T02:20:00Z,YC detail page exposes the role content publicly.
cardboard,Cardboard,https://usecardboard.com,https://www.ycombinator.com/companies/cardboard,https://www.usecardboard.com/careers,company_careers_page,https://www.usecardboard.com/careers,5,2026-06-09T02:20:00Z,The first-party careers page lists the live roles and links to same-domain role pages with full JD content.,,,,,,https://www.usecardboard.com/careers,full_jd_verified,html_detail_page,company_jobs_list_to_detail_pages,/careers/<job_slug>,2026-06-09T02:20:00Z,Cardboard role detail pages expose the job description on the company domain.
carma,Carma,https://www.joincarma.com/,https://www.ycombinator.com/companies/carma,https://www.joincarma.com/,yc_jobs_page,https://www.ycombinator.com/companies/carma/jobs,4,2026-06-09T02:20:00Z,The company site routes hiring traffic to YC rather than exposing deterministic static role pages. YC provides the live roles and JD detail pages.,,,,,,https://www.joincarma.com/,full_jd_verified,html_detail_page,yc_jobs_list_to_detail_pages,/companies/carma/jobs/<job_slug>,2026-06-09T02:20:00Z,YC detail pages expose the role content publicly.
cascade-space,Cascade Space,https://cascade.space,https://www.ycombinator.com/companies/cascade-space,https://cascade.space/careers/,company_careers_page,https://cascade.space/careers/,1,2026-06-09T02:20:00Z,The first-party careers page lists the live roles and links to same-domain role pages with full JD content.,,,,,,https://cascade.space/careers/,full_jd_verified,html_detail_page,company_jobs_list_to_detail_pages,/careers/<job_slug>,2026-06-09T02:20:00Z,Cascade Space role detail pages expose the job description on the company domain.
catchback-cards,CatchBack Cards,https://catchbackcards.com,https://www.ycombinator.com/companies/catchback-cards,https://catchbackcards.com/careers,yc_jobs_page,https://www.ycombinator.com/companies/catchback-cards/jobs,2,2026-06-09T02:20:00Z,The company site does not expose a usable public jobs surface with JD content. YC provides the live role and JD detail page.,,,,,,https://catchbackcards.com/careers,full_jd_verified,html_detail_page,yc_jobs_list_to_detail_pages,/companies/catchback-cards/jobs/<job_slug>,2026-06-09T02:20:00Z,YC detail page exposes the role content publicly.
cekura-ai,Cekura,https://www.cekura.ai/,https://www.ycombinator.com/companies/cekura-ai,https://www.cekura.ai/,yc_jobs_page,https://www.ycombinator.com/companies/cekura-ai/jobs,6,2026-06-09T02:20:00Z,The company site routes hiring traffic to YC rather than exposing deterministic static role pages. YC provides the live roles and JD detail pages.,,,,,,https://www.cekura.ai/,full_jd_verified,html_detail_page,yc_jobs_list_to_detail_pages,/companies/cekura-ai/jobs/<job_slug>,2026-06-09T02:20:00Z,YC detail pages expose the role content publicly.
celltype,CellType,https://www.celltype.com,https://www.ycombinator.com/companies/celltype,https://www.celltype.com/open-positions/,yc_jobs_page,https://www.ycombinator.com/companies/celltype/jobs,4,2026-06-09T02:20:00Z,The company site does not expose a usable public jobs surface with JD content. YC provides the live roles and JD detail pages.,,,,,,https://www.celltype.com/open-positions/,full_jd_verified,html_detail_page,yc_jobs_list_to_detail_pages,/companies/celltype/jobs/<job_slug>,2026-06-09T02:20:00Z,YC detail pages expose the role content publicly.
centaur,Centaur,https://centaur.ai/,https://www.ycombinator.com/companies/centaur,https://centaur.ai/careers,yc_jobs_page,https://www.ycombinator.com/companies/centaur/jobs,6,2026-06-09T02:20:00Z,The company careers page does not expose deterministic static role detail pages in HTML. YC provides the live roles and JD detail pages.,,,,,,https://centaur.ai/careers,full_jd_verified,html_detail_page,yc_jobs_list_to_detail_pages,/companies/centaur/jobs/<job_slug>,2026-06-09T02:20:00Z,YC detail pages expose the role content publicly.
chariot-2,Chariot,https://givechariot.com/,https://www.ycombinator.com/companies/chariot-2,https://www.givechariot.com/careers,yc_jobs_page,https://www.ycombinator.com/companies/chariot-2/jobs,10,2026-06-09T02:20:00Z,"The company careers surface is a Notion JS shell in static HTML, so it is not a reliable deterministic JD source without browser rendering. YC provides the live roles and JD detail pages.",,,,,,https://www.givechariot.com/careers,full_jd_verified,html_detail_page,yc_jobs_list_to_detail_pages,/companies/chariot-2/jobs/<job_slug>,2026-06-09T02:20:00Z,YC detail pages expose the role content publicly.
chasi,Chasi,https://chasi.ai/,https://www.ycombinator.com/companies/chasi,https://chasi.ai/careers,api_native,https://app.dover.com/feed/v1/boards/chasi/jobs,1,2026-06-09T02:20:00Z,The company routes hiring traffic to a Dover board. The public Dover feed returns the live roles and full JD HTML.,dover,https://app.dover.com/jobs/chasi,chasi,https://app.dover.com/feed/v1/boards/chasi/jobs,live_jobs,https://chasi.ai/careers,full_jd_verified,html,api_field,jobs[].content,2026-06-09T02:20:00Z,Dover feed exposes the role data and JD HTML in jobs[].content.
checkr,Checkr,http://www.checkr.com,https://www.ycombinator.com/companies/checkr,https://checkr.com/company/careers/open-careers,api_native,https://boards-api.greenhouse.io/v1/boards/checkr/jobs?content=true,58,2026-06-09T02:20:00Z,The first-party careers page exposes Greenhouse role links and the public Greenhouse API returns the live roles and full JD HTML.,greenhouse,https://boards.greenhouse.io/checkr,checkr,https://boards-api.greenhouse.io/v1/boards/checkr/jobs?content=true,live_jobs,https://checkr.com/company/careers/open-careers,full_jd_verified,html,api_field,jobs[].content,2026-06-09T02:20:00Z,Greenhouse API exposes the JD HTML in jobs[].content.
chestnut,Chestnut,https://chestnutmortgage.com/,https://www.ycombinator.com/companies/chestnut,https://app.dover.com/jobs/chestnut,api_native,https://app.dover.com/feed/v1/boards/chestnut/jobs,1,2026-06-09T02:20:00Z,The company routes hiring traffic to a Dover board. The public Dover feed returns the live roles and full JD HTML.,dover,https://app.dover.com/jobs/chestnut,chestnut,https://app.dover.com/feed/v1/boards/chestnut/jobs,live_jobs,https://app.dover.com/jobs/chestnut,full_jd_verified,html,api_field,jobs[].content,2026-06-09T02:20:00Z,Dover feed exposes the role data and JD HTML in jobs[].content.
chima,Chima,https://www.withchima.com/,https://www.ycombinator.com/companies/chima,https://www.withchima.com/careers,yc_jobs_page,https://www.ycombinator.com/companies/chima/jobs,10,2026-06-09T03:20:00Z,Company careers page lists role titles but routes Apply to YC rather than hosting the JD itself. YC provides the live roles and JD detail pages.,,,,,,https://www.withchima.com/careers,full_jd_verified,html_detail_page,yc_jobs_list_to_detail_pages,/companies/chima/jobs/<job_slug>,2026-06-09T03:20:00Z,YC detail pages expose the role content publicly.
circleback,Circleback,https://circleback.ai,https://www.ycombinator.com/companies/circleback,https://circleback.ai/jobs,yc_jobs_page,https://www.ycombinator.com/companies/circleback/jobs,8,2026-06-09T03:20:00Z,The company jobs page is client-rendered and static HTML only shows a Loading open roles shell. YC provides the live roles and JD detail pages.,,,,,,https://circleback.ai/jobs,full_jd_verified,html_detail_page,yc_jobs_list_to_detail_pages,/companies/circleback/jobs/<job_slug>,2026-06-09T03:20:00Z,YC detail pages expose the role content publicly.
ciro,Ciro,https://www.ciro.io/,https://www.ycombinator.com/companies/ciro,https://www.ciro.io/,yc_jobs_page,https://www.ycombinator.com/companies/ciro/jobs,2,2026-06-09T03:20:00Z,The company site does not expose a deterministic public careers surface with JD content. YC provides the live roles and JD detail pages.,,,,,,https://www.ciro.io/,full_jd_verified,html_detail_page,yc_jobs_list_to_detail_pages,/companies/ciro/jobs/<job_slug>,2026-06-09T03:20:00Z,YC detail pages expose the role content publicly.
clara-2,Clara,http://askclara.com,https://www.ycombinator.com/companies/clara-2,https://app.dover.com/jobs/stealthhealthstartup,yc_jobs_page,https://www.ycombinator.com/companies/clara-2/jobs,4,2026-06-09T03:20:00Z,The public Dover page is a JS shell and the standard Dover feed pattern for this token currently returns 404. YC provides the live roles and JD detail pages.,,,,,,https://app.dover.com/jobs/stealthhealthstartup,full_jd_verified,html_detail_page,yc_jobs_list_to_detail_pages,/companies/clara-2/jobs/<job_slug>,2026-06-09T03:20:00Z,YC detail pages expose the role content publicly.
classdojo,ClassDojo,http://www.classdojo.com,https://www.ycombinator.com/companies/classdojo,https://www.classdojo.com/jobs/,yc_jobs_page,https://www.ycombinator.com/companies/classdojo/jobs,4,2026-06-09T03:20:00Z,The company jobs page is a hiring brand page in static HTML and does not expose deterministic role-level JD content. YC provides the live roles and JD detail pages.,,,,,,https://www.classdojo.com/jobs/,full_jd_verified,html_detail_page,yc_jobs_list_to_detail_pages,/companies/classdojo/jobs/<job_slug>,2026-06-09T03:20:00Z,YC detail pages expose the role content publicly.
clearest-health,Clearest Health,https://clearesthealth.com/,https://www.ycombinator.com/companies/clearest-health,https://clearesthealth.com/open-positions/,yc_jobs_page,https://www.ycombinator.com/companies/clearest-health/jobs,8,2026-06-09T03:20:00Z,The company site does not expose a usable public jobs surface with JD content. YC provides the live roles and JD detail pages.,,,,,,https://clearesthealth.com/open-positions/,full_jd_verified,html_detail_page,yc_jobs_list_to_detail_pages,/companies/clearest-health/jobs/<job_slug>,2026-06-09T03:20:00Z,YC detail pages expose the role content publicly.
closure,Closure,https://closure-intel.com/,https://www.ycombinator.com/companies/closure,https://www.closure-intel.com/,yc_jobs_page,https://www.ycombinator.com/companies/closure/jobs,14,2026-06-09T03:20:00Z,"The company site links to a Notion careers surface, but the public Notion page is not a reliable static JD source. YC provides the live roles and JD detail pages.",,,,,,https://www.closure-intel.com/,full_jd_verified,html_detail_page,yc_jobs_list_to_detail_pages,/companies/closure/jobs/<job_slug>,2026-06-09T03:20:00Z,YC detail pages expose the role content publicly.
codeant-ai,CodeAnt AI,https://codeant.ai/,https://www.ycombinator.com/companies/codeant-ai,https://www.codeant.ai/career,yc_jobs_page,https://www.ycombinator.com/companies/codeant-ai/jobs,4,2026-06-09T03:20:00Z,The company careers page lists role titles but routes applications to LinkedIn rather than exposing full JD content. YC provides the live roles and JD detail pages.,,,,,,https://www.codeant.ai/career,full_jd_verified,html_detail_page,yc_jobs_list_to_detail_pages,/companies/codeant-ai/jobs/<job_slug>,2026-06-09T03:20:00Z,YC detail pages expose the role content publicly.
cofia,Cofia,https://cofia.ai,https://www.ycombinator.com/companies/cofia,https://cofia.ai/open-positions/,yc_jobs_page,https://www.ycombinator.com/companies/cofia/jobs,2,2026-06-09T03:20:00Z,The company site does not expose a usable public jobs surface with JD content. YC provides the live roles and JD detail pages.,,,,,,https://cofia.ai/open-positions/,full_jd_verified,html_detail_page,yc_jobs_list_to_detail_pages,/companies/cofia/jobs/<job_slug>,2026-06-09T03:20:00Z,YC detail pages expose the role content publicly.
compose-ai,Compose.ai,https://compose.ai,https://www.ycombinator.com/companies/compose-ai,https://www.compose.ai/,yc_jobs_page,https://www.ycombinator.com/companies/compose-ai/jobs,6,2026-06-09T03:20:00Z,"The company site links to a Notion careers surface, but the public Notion page is not a reliable static JD source. YC provides the live roles and JD detail pages.",,,,,,https://www.compose.ai/,full_jd_verified,html_detail_page,yc_jobs_list_to_detail_pages,/companies/compose-ai/jobs/<job_slug>,2026-06-09T03:20:00Z,YC detail pages expose the role content publicly.
conductor,Conductor,https://conductor.build,https://www.ycombinator.com/companies/conductor,https://www.conductor.build/join-us,yc_jobs_page,https://www.ycombinator.com/companies/conductor/jobs,8,2026-06-09T03:20:00Z,The company join-us page points to YC and a Notion culture page rather than hosting deterministic JD pages. YC provides the live roles and JD detail pages.,,,,,,https://www.conductor.build/join-us,full_jd_verified,html_detail_page,yc_jobs_list_to_detail_pages,/companies/conductor/jobs/<job_slug>,2026-06-09T03:20:00Z,YC detail pages expose the role content publicly.
conductor-quantum,Conductor Quantum,https://www.conductorquantum.com,https://www.ycombinator.com/companies/conductor-quantum,https://www.conductorquantum.com,yc_jobs_page,https://www.ycombinator.com/companies/conductor-quantum/jobs,4,2026-06-09T03:20:00Z,The company site does not expose a deterministic public careers surface with JD content. YC provides the live roles and JD detail pages.,,,,,,https://www.conductorquantum.com,full_jd_verified,html_detail_page,yc_jobs_list_to_detail_pages,/companies/conductor-quantum/jobs/<job_slug>,2026-06-09T03:20:00Z,YC detail pages expose the role content publicly.
conduit-ai,Conduit,https://conduit.ai/?utm_source=referral&utm_medium=organic&utm_campaign=ycombinator,https://www.ycombinator.com/companies/conduit-ai,https://conduit.ai/,yc_jobs_page,https://www.ycombinator.com/companies/conduit-ai/jobs,12,2026-06-09T03:20:00Z,The company site does not expose a deterministic public careers surface with JD content. YC provides the live roles and JD detail pages.,,,,,,https://conduit.ai/,full_jd_verified,html_detail_page,yc_jobs_list_to_detail_pages,/companies/conduit-ai/jobs/<job_slug>,2026-06-09T03:20:00Z,YC detail pages expose the role content publicly.
confident-ai,Confident AI,https://confident-ai.com,https://www.ycombinator.com/companies/confident-ai,https://www.confident-ai.com/careers,company_careers_page,https://www.confident-ai.com/careers,4,2026-06-09T03:20:00Z,The first-party careers page itself contains role-level JD sections with detailed What you'll be doing content and direct apply links.,,,,,,https://www.confident-ai.com/careers,full_jd_verified,html_same_page,same_page_html_sections,role sections under /careers,2026-06-09T03:20:00Z,The first-party careers page exposes full role descriptions on the same page.
converge,Converge,http://www.runconverge.com,https://www.ycombinator.com/companies/converge,https://www.runconverge.com/careers,company_careers_page,https://www.runconverge.com/careers,2,2026-06-09T03:20:00Z,The first-party careers page lists the live roles and links to same-domain role pages with full JD content.,,,,,,https://www.runconverge.com/careers,full_jd_verified,html_detail_page,company_jobs_list_to_detail_pages,/careers/<job_slug>,2026-06-09T03:20:00Z,Converge role detail pages expose the job description on the company domain.
corgea,Corgea,https://www.corgea.com/,https://www.ycombinator.com/companies/corgea,https://www.corgea.com/,yc_jobs_page,https://www.ycombinator.com/companies/corgea/jobs,14,2026-06-09T03:20:00Z,The company site does not expose a deterministic public careers surface with JD content. YC provides the live roles and JD detail pages.,,,,,,https://www.corgea.com/,full_jd_verified,html_detail_page,yc_jobs_list_to_detail_pages,/companies/corgea/jobs/<job_slug>,2026-06-09T03:20:00Z,YC detail pages expose the role content publicly.
corgi-insurance,Corgi Insurance,https://corgi.com,https://www.ycombinator.com/companies/corgi-insurance,https://corgi.com,yc_jobs_page,https://www.ycombinator.com/companies/corgi-insurance/jobs,100,2026-06-09T03:20:00Z,The company site does not expose a deterministic public careers surface with JD content. YC provides the live roles and JD detail pages.,,,,,,https://corgi.com,full_jd_verified,html_detail_page,yc_jobs_list_to_detail_pages,/companies/corgi-insurance/jobs/<job_slug>,2026-06-09T03:20:00Z,YC detail pages expose the role content publicly.
coval,Coval,https://coval.dev,https://www.ycombinator.com/companies/coval,https://www.coval.ai/careers,yc_jobs_page,https://www.ycombinator.com/companies/coval/jobs,18,2026-06-09T03:20:00Z,The company careers page is mostly a recruiting brand page and does not expose role-level JD content in static HTML. YC provides the live roles and JD detail pages.,,,,,,https://www.coval.ai/careers,full_jd_verified,html_detail_page,yc_jobs_list_to_detail_pages,/companies/coval/jobs/<job_slug>,2026-06-09T03:20:00Z,YC detail pages expose the role content publicly.
cranston-ai,Cranston AI,https://www.cranstonai.com/,https://www.ycombinator.com/companies/cranston-ai,https://cranston.ai/careers,company_careers_page,https://cranston.ai/careers,4,2026-06-09T03:20:00Z,The first-party careers page lists the live roles and links to same-domain role pages with full JD content.,,,,,,https://cranston.ai/careers,full_jd_verified,html_detail_page,company_jobs_list_to_detail_pages,/careers/<job_slug>,2026-06-09T03:20:00Z,Cranston role detail pages expose the job description on the company domain.
dalus,Dalus,https://dalus.io,https://www.ycombinator.com/companies/dalus,https://dalus.io/careers,yc_jobs_page,https://www.ycombinator.com/companies/dalus/jobs,4,2026-06-09T03:20:00Z,The company careers page lists role titles but routes applications to Gem pages rather than exposing the full JD in static HTML. YC provides the live roles and JD detail pages.,,,,,,https://dalus.io/careers,full_jd_verified,html_detail_page,yc_jobs_list_to_detail_pages,/companies/dalus/jobs/<job_slug>,2026-06-09T03:20:00Z,YC detail pages expose the role content publicly.
dart,Dart,https://www.dartai.com,https://www.ycombinator.com/companies/dart,https://www.dartai.com,yc_jobs_page,https://www.ycombinator.com/companies/dart/jobs,4,2026-06-09T03:20:00Z,The company site does not expose a deterministic public careers surface with JD content. YC provides the live roles and JD detail pages.,,,,,,https://www.dartai.com,full_jd_verified,html_detail_page,yc_jobs_list_to_detail_pages,/companies/dart/jobs/<job_slug>,2026-06-09T03:20:00Z,YC detail pages expose the role content publicly.
dataland,Dataland,https://dataland.io,https://www.ycombinator.com/companies/dataland,https://dataland.io,yc_jobs_page,https://www.ycombinator.com/companies/dataland/jobs,2,2026-06-09T03:20:00Z,The company site does not expose a deterministic public careers surface with JD content. YC provides the live roles and JD detail pages.,,,,,,https://dataland.io,full_jd_verified,html_detail_page,yc_jobs_list_to_detail_pages,/companies/dataland/jobs/<job_slug>,2026-06-09T03:20:00Z,YC detail pages expose the role content publicly.
datrics,Datrics,https://datrics.ai,https://www.ycombinator.com/companies/datrics,https://datrics.ai/open-positions/,yc_jobs_page,https://www.ycombinator.com/companies/datrics/jobs,2,2026-06-09T03:20:00Z,The company site does not expose a usable public jobs surface with JD content. YC provides the live roles and JD detail pages.,,,,,,https://datrics.ai/open-positions/,full_jd_verified,html_detail_page,yc_jobs_list_to_detail_pages,/companies/datrics/jobs/<job_slug>,2026-06-09T03:20:00Z,YC detail pages expose the role content publicly.
deep24,Deep24,https://deep24.com,https://www.ycombinator.com/companies/deep24,https://deep24.com/open-positions/,yc_jobs_page,https://www.ycombinator.com/companies/deep24/jobs,8,2026-06-09T03:20:00Z,The company site does not expose a usable public jobs surface with JD content. YC provides the live roles and JD detail pages.,,,,,,https://deep24.com/open-positions/,full_jd_verified,html_detail_page,yc_jobs_list_to_detail_pages,/companies/deep24/jobs/<job_slug>,2026-06-09T03:20:00Z,YC detail pages expose the role content publicly.
deepaware-ai,DeepAware AI,https://roboticscenter.ai/,https://www.ycombinator.com/companies/deepaware-ai,https://www.roboticscenter.ai/careers,yc_jobs_page,https://www.ycombinator.com/companies/deepaware-ai/jobs,6,2026-06-09T03:20:00Z,"The company careers page lists short role summaries and email-apply instructions, but YC is the richer deterministic JD source for full role detail.",,,,,,https://www.roboticscenter.ai/careers,full_jd_verified,html_detail_page,yc_jobs_list_to_detail_pages,/companies/deepaware-ai/jobs/<job_slug>,2026-06-09T03:20:00Z,YC detail pages expose the role content publicly.
deepnight,Deepnight,https://www.deepnight.ai/,https://www.ycombinator.com/companies/deepnight,https://deepnight.com/pages/careers,yc_jobs_page,https://www.ycombinator.com/companies/deepnight/jobs,2,2026-06-09T03:20:00Z,The company careers page routes View Open Roles to YC rather than hosting the JD itself. YC provides the live roles and JD detail pages.,,,,,,https://deepnight.com/pages/careers,full_jd_verified,html_detail_page,yc_jobs_list_to_detail_pages,/companies/deepnight/jobs/<job_slug>,2026-06-09T03:20:00Z,YC detail pages expose the role content publicly.
deepsource,DeepSource,https://deepsource.com/,https://www.ycombinator.com/companies/deepsource,https://deepsource.com/jobs,yc_jobs_page,https://www.ycombinator.com/companies/deepsource/jobs,2,2026-06-09T03:20:00Z,The company careers page shows the role title but does not expose full JD content in static HTML. YC provides the live role and JD detail page.,,,,,,https://deepsource.com/jobs,full_jd_verified,html_detail_page,yc_jobs_list_to_detail_pages,/companies/deepsource/jobs/<job_slug>,2026-06-09T03:20:00Z,YC detail page exposes the role content publicly.
diffuse-bio,Diffuse Bio,http://diffuse.bio,https://www.ycombinator.com/companies/diffuse-bio,https://app.dover.com/dover/careers/545c34b3-ffe3-4794-b26b-8e3ab2701f93,yc_jobs_page,https://www.ycombinator.com/companies/diffuse-bio/jobs,4,2026-06-09T03:20:00Z,The public Dover careers page is a JS shell and the standard Dover feed pattern is not live for this route. YC provides the live roles and JD detail pages.,,,,,,https://app.dover.com/dover/careers/545c34b3-ffe3-4794-b26b-8e3ab2701f93,full_jd_verified,html_detail_page,yc_jobs_list_to_detail_pages,/companies/diffuse-bio/jobs/<job_slug>,2026-06-09T03:20:00Z,YC detail pages expose the role content publicly.
digipals,Digipals,https://www.digipals.app/,https://www.ycombinator.com/companies/digipals,https://www.digipals.app/open-positions/,yc_jobs_page,https://www.ycombinator.com/companies/digipals/jobs,2,2026-06-09T03:20:00Z,The company site does not expose a usable public jobs surface with JD content. YC provides the live roles and JD detail pages.,,,,,,https://www.digipals.app/open-positions/,full_jd_verified,html_detail_page,yc_jobs_list_to_detail_pages,/companies/digipals/jobs/<job_slug>,2026-06-09T03:20:00Z,YC detail pages expose the role content publicly.
diode-computers-inc,"Diode Computers, Inc.",https://diode.computer,https://www.ycombinator.com/companies/diode-computers-inc,https://diode.computer,yc_jobs_page,https://www.ycombinator.com/companies/diode-computers-inc/jobs,4,2026-06-09T03:20:00Z,The company site does not expose a deterministic public careers surface with JD content. YC provides the live roles and JD detail pages.,,,,,,https://diode.computer,full_jd_verified,html_detail_page,yc_jobs_list_to_detail_pages,/companies/diode-computers-inc/jobs/<job_slug>,2026-06-09T03:20:00Z,YC detail pages expose the role content publicly.
ditto,Ditto,http://dittowords.com,https://www.ycombinator.com/companies/ditto,https://www.dittowords.com/careers,company_careers_page,https://www.dittowords.com/careers,2,2026-06-10T22:10:50Z,The first-party careers page lists the live roles and links to same-domain detail pages with full JD content. Use the company pages rather than YC for deterministic extraction.,,,,,,https://www.dittowords.com/careers,full_jd_verified,html_detail_page,company_jobs_list_to_detail_pages,/careers/<job_slug>,2026-06-10T22:10:50Z,Ditto role detail pages expose the full JD on the company domain.
dodo,Dodo,https://www.dodo.ai/,https://www.ycombinator.com/companies/dodo,https://dodo.ai/open-positions/,yc_jobs_page,https://www.ycombinator.com/companies/dodo/jobs,1,2026-06-10T22:10:50Z,The company open-positions page does not expose a public role list or JD content in static HTML. YC is the only deterministic public role and JD surface verified in this pass.,,,,,,https://dodo.ai/open-positions/,full_jd_verified,html_detail_page,yc_jobs_list_to_detail_pages,/companies/dodo/jobs/<job_slug>,2026-06-10T22:10:50Z,YC detail pages expose the role content publicly.
doordash,DoorDash,http://doordash.com,https://www.ycombinator.com/companies/doordash,https://careersatdoordash.com/,yc_jobs_page,https://www.ycombinator.com/companies/doordash/jobs,9,2026-06-10T22:10:50Z,"The first-party careers site returned HTTP 403 to plain requests, so we did not verify a comparable deterministic public role list there. YC is the only deterministic public role and JD surface verified in this pass.",,,,,,https://careersatdoordash.com/,full_jd_verified,html_detail_page,yc_jobs_list_to_detail_pages,/companies/doordash/jobs/<job_slug>,2026-06-10T22:10:50Z,YC detail pages expose the role content publicly.
dots-2,Dots 💸,https://usedots.com,https://www.ycombinator.com/companies/dots-2,https://usedots.com/careers/,api_native,https://app.dover.com/feed/v1/boards/dots/jobs,6,2026-06-10T22:10:50Z,"The company careers page links to a Dover board. The public Dover feed returns the live roles and full JD HTML, and it is the stronger source than YC.",dover,https://app.dover.com/jobs/dots,dots,https://app.dover.com/feed/v1/boards/dots/jobs,live_jobs,https://usedots.com/careers/,full_jd_verified,html,api_field,jobs[].content,2026-06-10T22:10:50Z,Dover feed exposes the role data and JD HTML in jobs[].content.
draftwise,Draftwise,https://www.draftwise.com/,https://www.ycombinator.com/companies/draftwise,https://www.draftwise.com/careers,api_native,https://app.dover.com/feed/v1/boards/draftwise/jobs,13,2026-06-10T22:10:50Z,"The company careers page uses Dover apply links. The public Dover feed returns the live roles and full JD HTML, so use the feed rather than YC.",dover,https://app.dover.com/jobs/draftwise,draftwise,https://app.dover.com/feed/v1/boards/draftwise/jobs,live_jobs,https://www.draftwise.com/careers,full_jd_verified,html,api_field,jobs[].content,2026-06-10T22:10:50Z,Dover feed exposes the role data and JD HTML in jobs[].content.
dream3d,Dream3D,https://dream3d.com,https://www.ycombinator.com/companies/dream3d,https://www.ycombinator.com/companies/dream3d/jobs,yc_jobs_page,https://www.ycombinator.com/companies/dream3d/jobs,2,2026-06-10T22:10:50Z,The public careers surface currently resolves to YC jobs. Use YC for both the role list and JD detail pages.,,,,,,https://www.ycombinator.com/companies/dream3d/jobs,full_jd_verified,html_detail_page,yc_jobs_list_to_detail_pages,/companies/dream3d/jobs/<job_slug>,2026-06-10T22:10:50Z,YC detail pages expose the role content publicly.
dreamcraft-entertainment-inc,"DreamCraft Entertainment, Inc.",https://www.dreamcraft.com/,https://www.ycombinator.com/companies/dreamcraft-entertainment-inc,https://www.dreamcraft.com/careers/,yc_jobs_page,https://www.ycombinator.com/companies/dreamcraft-entertainment-inc/jobs,4,2026-06-10T22:10:50Z,The company careers page does not expose a deterministic public role list or JD pages in static HTML. YC currently provides the public role list and JD detail pages.,,,,,,https://www.dreamcraft.com/careers/,full_jd_verified,html_detail_page,yc_jobs_list_to_detail_pages,/companies/dreamcraft-entertainment-inc/jobs/<job_slug>,2026-06-10T22:10:50Z,YC detail pages expose the role content publicly.
educato,Educato,https://www.educato.com/,https://www.ycombinator.com/companies/educato,https://www.educato.com/,yc_jobs_page,https://www.ycombinator.com/companies/educato/jobs,4,2026-06-10T22:10:50Z,The company site links directly to YC jobs. Use YC as the deterministic role list and JD source.,,,,,,https://www.educato.com/,full_jd_verified,html_detail_page,yc_jobs_list_to_detail_pages,/companies/educato/jobs/<job_slug>,2026-06-10T22:10:50Z,YC detail pages expose the role content publicly.
effigov,EffiGov,https://effigov.com,https://www.ycombinator.com/companies/effigov,https://www.effigov.com/careers,company_careers_page,https://www.effigov.com/careers,0,2026-06-10T22:10:50Z,The first-party careers page explicitly says there are no open positions at the moment. Do not use YC as the authoritative live job list here.,,,,,,https://www.effigov.com/careers,unconfirmed,unknown,no_live_roles_currently,https://www.effigov.com/careers,2026-06-10T22:10:50Z,"The company page currently says there are no open positions, while YC still lists a role."
ego,ego,https://egoai.com,https://www.ycombinator.com/companies/ego,https://www.egoai.com/careers,company_careers_page,https://www.egoai.com/careers,1,2026-06-10T22:10:50Z,"The first-party careers page lists one live role and links to a same-domain detail page with full JD content. It contradicts the current YC role title, so prefer the company page.",,,,,,https://www.egoai.com/careers,full_jd_verified,html_detail_page,company_jobs_list_to_detail_pages,/careers/<job_slug>,2026-06-10T22:10:50Z,The company detail page exposes the full JD on the company domain.
elevate-2,Elevate,https://www.useelevate.dev/,https://www.ycombinator.com/companies/elevate-2,https://useelevate.dev/careers/,yc_jobs_page,https://www.ycombinator.com/companies/elevate-2/jobs,2,2026-06-10T22:10:50Z,The first-party careers page routes both open roles directly to YC detail pages. Use YC as the direct deterministic source.,,,,,,https://useelevate.dev/careers/,full_jd_verified,html_detail_page,yc_jobs_list_to_detail_pages,/companies/elevate-2/jobs/<job_slug>,2026-06-10T22:10:50Z,YC detail pages expose the role content publicly.
ember,Ember,https://www.embercopilot.ai,https://www.ycombinator.com/companies/ember,https://app.dover.com/jobs/embercopilot,api_native,https://app.dover.com/feed/v1/boards/embercopilot/jobs,3,2026-06-10T22:10:50Z,The public Dover feed returns the live roles and full JD HTML. Use the feed rather than YC.,dover,https://app.dover.com/jobs/embercopilot,embercopilot,https://app.dover.com/feed/v1/boards/embercopilot/jobs,live_jobs,https://app.dover.com/jobs/embercopilot,full_jd_verified,html,api_field,jobs[].content,2026-06-10T22:10:50Z,Dover feed exposes the role data and JD HTML in jobs[].content.
epinoma,Epinoma,https://www.epinoma.com/,https://www.ycombinator.com/companies/epinoma,https://www.epinoma.com/careers,company_careers_page,https://www.epinoma.com/careers,2,2026-06-10T22:10:50Z,"The first-party careers page contains role-level JD sections on the same page. It contradicts the current YC role set, so prefer the company page.",,,,,,https://www.epinoma.com/careers,full_jd_verified,html_same_page,same_page_html_sections,open roles section under /careers,2026-06-10T22:10:50Z,The company careers page exposes responsibilities and qualifications on the same page.
equipmentshare,EquipmentShare,https://www.equipmentshare.com,https://www.ycombinator.com/companies/equipmentshare,https://www.equipmentshare.com/careers/current-openings?q=delivery+driver,yc_jobs_page,https://www.ycombinator.com/companies/equipmentshare/jobs,3,2026-06-10T22:10:50Z,The first-party careers page is a client-rendered job-board shell and does not expose a comparable static role list or JD content. YC is the only deterministic public role and JD surface verified in this pass.,,,,,,https://www.equipmentshare.com/careers/current-openings?q=delivery+driver,full_jd_verified,html_detail_page,yc_jobs_list_to_detail_pages,/companies/equipmentshare/jobs/<job_slug>,2026-06-10T22:10:50Z,YC detail pages expose the role content publicly.
exa,Exa,https://exa.ai,https://www.ycombinator.com/companies/exa,https://exa.ai/careers,company_careers_page,https://exa.ai/careers,,2026-06-10T22:10:50Z,"The company careers page is the current first-party hiring surface, but static HTML does not expose a live role list or JD pages. YC also currently shows no jobs, so do not treat YC as a deterministic fallback here.",,,,,,https://exa.ai/careers,unconfirmed,unknown,no_static_role_list_exposed,https://exa.ai/careers,2026-06-10T22:10:50Z,Need endpoint discovery or role page links before this can be marked JD-fetchable.
exonic,Exonic,https://exonic.ai,https://www.ycombinator.com/companies/exonic,https://www.exonic.ai/open-positions/,yc_jobs_page,https://www.ycombinator.com/companies/exonic/jobs,1,2026-06-10T22:10:50Z,The company open-positions page does not expose a deterministic public role list or JD content in static HTML. YC is the only deterministic public role and JD surface verified in this pass.,,,,,,https://www.exonic.ai/open-positions/,full_jd_verified,html_detail_page,yc_jobs_list_to_detail_pages,/companies/exonic/jobs/<job_slug>,2026-06-10T22:10:50Z,YC detail pages expose the role content publicly.
eze,Eze,https://www.ezeit.ai/,https://www.ycombinator.com/companies/eze,https://www.ezeit.ai/open-positions/,yc_jobs_page,https://www.ycombinator.com/companies/eze/jobs,4,2026-06-10T22:10:50Z,The company open-positions page does not expose a deterministic public role list or JD content in static HTML. YC is the only deterministic public role and JD surface verified in this pass.,,,,,,https://www.ezeit.ai/open-positions/,full_jd_verified,html_detail_page,yc_jobs_list_to_detail_pages,/companies/eze/jobs/<job_slug>,2026-06-10T22:10:50Z,YC detail pages expose the role content publicly.
faire,Faire,https://www.faire.com/,https://www.ycombinator.com/companies/faire,https://www.faire.com/careers,yc_jobs_page,https://www.ycombinator.com/companies/faire/jobs,1,2026-06-10T22:10:50Z,The first-party careers page is a brand page in static HTML and does not expose a comparable public role list or JD content. YC is the only deterministic public role and JD surface verified in this pass.,,,,,,https://www.faire.com/careers,full_jd_verified,html_detail_page,yc_jobs_list_to_detail_pages,/companies/faire/jobs/<job_slug>,2026-06-10T22:10:50Z,YC detail pages expose the role content publicly.
fifth-door,Fifth Door,https://fifthdoor.com,https://www.ycombinator.com/companies/fifth-door,https://fifthdoor.com/open-positions/,yc_jobs_page,https://www.ycombinator.com/companies/fifth-door/jobs,1,2026-06-10T22:10:50Z,The company open-positions page does not expose a deterministic public role list or JD content in static HTML. YC is the only deterministic public role and JD surface verified in this pass.,,,,,,https://fifthdoor.com/open-positions/,full_jd_verified,html_detail_page,yc_jobs_list_to_detail_pages,/companies/fifth-door/jobs/<job_slug>,2026-06-10T22:10:50Z,YC detail pages expose the role content publicly.
finny-ai,FINNY AI,https://www.finny.com/,https://www.ycombinator.com/companies/finny-ai,https://www.finny.com/,yc_jobs_page,https://www.ycombinator.com/companies/finny-ai/jobs,2,2026-06-10T22:10:50Z,The company site does not expose a deterministic public careers surface with JD content. YC is the only deterministic public role and JD surface verified in this pass.,,,,,,https://www.finny.com/,full_jd_verified,html_detail_page,yc_jobs_list_to_detail_pages,/companies/finny-ai/jobs/<job_slug>,2026-06-10T22:10:50Z,YC detail pages expose the role content publicly.
finta,Finta,https://www.finta.com/,https://www.ycombinator.com/companies/finta,https://www.finta.com/,yc_jobs_page,https://www.ycombinator.com/companies/finta/jobs,3,2026-06-10T22:10:50Z,The company site does not expose a deterministic public careers surface with JD content. YC is the only deterministic public role and JD surface verified in this pass.,,,,,,https://www.finta.com/,full_jd_verified,html_detail_page,yc_jobs_list_to_detail_pages,/companies/finta/jobs/<job_slug>,2026-06-10T22:10:50Z,YC detail pages expose the role content publicly.
fleetline,Fleetline,https://fleetline.ai,https://www.ycombinator.com/companies/fleetline,https://www.fleetline.ai/auth?callbackUrl=https%3A%2F%2Fwww.fleetline.ai%2Fopen-positions,yc_jobs_page,https://www.ycombinator.com/companies/fleetline/jobs,2,2026-06-10T22:10:50Z,"The company careers route is an authentication wall, so it is not a usable public deterministic source. YC is the only deterministic public role and JD surface verified in this pass.",,,,,,https://www.fleetline.ai/auth?callbackUrl=https%3A%2F%2Fwww.fleetline.ai%2Fopen-positions,full_jd_verified,html_detail_page,yc_jobs_list_to_detail_pages,/companies/fleetline/jobs/<job_slug>,2026-06-10T22:10:50Z,YC detail pages expose the role content publicly.
fleetworks,FleetWorks,https://fleetworks.ai,https://www.ycombinator.com/companies/fleetworks,https://www.fleetworks.ai/jobs,yc_jobs_page,https://www.ycombinator.com/companies/fleetworks/jobs,6,2026-06-10T22:10:50Z,The company jobs page does not expose a deterministic public role list or JD content in static HTML. YC is the only deterministic public role and JD surface verified in this pass.,,,,,,https://www.fleetworks.ai/jobs,full_jd_verified,html_detail_page,yc_jobs_list_to_detail_pages,/companies/fleetworks/jobs/<job_slug>,2026-06-10T22:10:50Z,YC detail pages expose the role content publicly.
flexport,Flexport,https://www.flexport.com/careers/jobs/,https://www.ycombinator.com/companies/flexport,https://www.flexport.com/careers/jobs/#flexport-main-content,api_native,https://boards-api.greenhouse.io/v1/boards/flexport/jobs?content=true,106,2026-06-10T22:10:50Z,The first-party careers page exposes Greenhouse role links and the public Greenhouse API returns the live roles and full JD HTML. YC currently shows no jobs for this company.,greenhouse,https://job-boards.greenhouse.io/flexport,flexport,https://boards-api.greenhouse.io/v1/boards/flexport/jobs?content=true,live_jobs,https://www.flexport.com/careers/jobs/#flexport-main-content,full_jd_verified,html,api_field,jobs[].content,2026-06-10T22:10:50Z,Greenhouse API exposes the JD HTML in jobs[].content.
flick,Flick,https://flick.art,https://www.ycombinator.com/companies/flick,https://flick.art/open-positions/,yc_jobs_page,https://www.ycombinator.com/companies/flick/jobs,5,2026-06-10T22:10:50Z,The company open-positions page does not expose a deterministic public role list or JD content in static HTML. YC is the only deterministic public role and JD surface verified in this pass.,,,,,,https://flick.art/open-positions/,full_jd_verified,html_detail_page,yc_jobs_list_to_detail_pages,/companies/flick/jobs/<job_slug>,2026-06-10T22:10:50Z,YC detail pages expose the role content publicly.
flock-safety,Flock Safety,http://www.flocksafety.com,https://www.ycombinator.com/companies/flock-safety,https://www.flocksafety.com/careers,api_native,https://api.ashbyhq.com/posting-api/job-board/Flock%20Safety?includeCompensation=true,47,2026-06-10T22:10:50Z,"The first-party careers page loads Ashby jobs. The public Ashby API returns the live roles and JD HTML/plain text, so use the API rather than YC.",ashby,https://jobs.ashbyhq.com/Flock%20Safety,Flock%20Safety,https://api.ashbyhq.com/posting-api/job-board/Flock%20Safety?includeCompensation=true,live_jobs,https://www.flocksafety.com/careers/positions,full_jd_verified,html_or_text,api_field,jobs[].descriptionHtml|jobs[].descriptionPlain,2026-06-10T22:10:50Z,Ashby API exposes the JD content in jobs[].descriptionHtml and jobs[].descriptionPlain.
floot,Floot,https://floot.com,https://www.ycombinator.com/companies/floot,https://floot.com/careers,yc_jobs_page,https://www.ycombinator.com/companies/floot/jobs,1,2026-06-10T22:10:50Z,The company careers page links directly to the YC job detail page. Use YC as the deterministic role list and JD source.,,,,,,https://floot.com/careers,full_jd_verified,html_detail_page,yc_jobs_list_to_detail_pages,/companies/floot/jobs/<job_slug>,2026-06-10T22:10:50Z,YC detail pages expose the role content publicly.
flowtel,Flowtel,https://flowtel.ai,https://www.ycombinator.com/companies/flowtel,https://www.flowtel.ai/open-positions,yc_jobs_page,https://www.ycombinator.com/companies/flowtel/jobs,1,2026-06-10T22:10:50Z,The company open-positions page does not expose a deterministic public role list or JD content in static HTML. YC is the only deterministic public role and JD surface verified in this pass.,,,,,,https://www.flowtel.ai/open-positions,full_jd_verified,html_detail_page,yc_jobs_list_to_detail_pages,/companies/flowtel/jobs/<job_slug>,2026-06-10T22:10:50Z,YC detail pages expose the role content publicly.
fondo,Fondo,https://fondo.com,https://www.ycombinator.com/companies/fondo,https://fondo.com/,yc_jobs_page,https://www.ycombinator.com/companies/fondo/jobs,2,2026-06-10T22:10:50Z,"The first-party careers links are placeholder template pages with lorem ipsum content, not the live hiring source. YC currently provides the public role list and JD detail pages.",,,,,,https://fondo.com/,full_jd_verified,html_detail_page,yc_jobs_list_to_detail_pages,/companies/fondo/jobs/<job_slug>,2026-06-10T22:10:50Z,YC detail pages expose the role content publicly.
function-of-beauty,Function of Beauty,http://www.functionofbeauty.com,https://www.ycombinator.com/companies/function-of-beauty,https://jobs.dayforcehcm.com/functionofbeauty/CANDIDATEPORTAL,yc_jobs_page,https://www.ycombinator.com/companies/function-of-beauty/jobs,1,2026-06-10T22:10:50Z,The Dayforce board is a client-rendered search shell in static HTML and does not expose a comparable public role list or JD content without deeper endpoint support. YC is the only deterministic public role and JD surface verified in this pass.,dayforce,https://jobs.dayforcehcm.com/functionofbeauty/CANDIDATEPORTAL,functionofbeauty,,detected_structured_board,https://jobs.dayforcehcm.com/functionofbeauty/CANDIDATEPORTAL,full_jd_verified,html_detail_page,yc_jobs_list_to_detail_pages,/companies/function-of-beauty/jobs/<job_slug>,2026-06-10T22:10:50Z,YC detail pages expose the role content publicly.
